Tỉnh/Thành phố,Chỉ số PAPI tổng hợp (không có trọng số),Chỉ số PAPI tổng hợp (không có trọng số) - điểm tối thiểu trong khoảng tin cậy 95%,Chỉ số PAPI tổng hợp (không có trọng số) - điểm tối đa trong khoảng tin cậy 95%,Chỉ số PAPI tổng hợp (không có trọng số) - sai số,Chỉ số nội dung 1: Tham gia của người dân ở cấp cơ sở,1.1: Tri thức công dân,Hiểu biết về chính sách hiện hành (%),Hiểu biết về vị trí lãnh đạo (%),1.2: Cơ hội tham gia,"Tham gia vào các tổ chức chính trị, chính trị-xã hội, đoàn thể (%)","Tham gia vào các tổ chức xã hội, hội, nhóm, câu lạc bộ tự lập (%)",Tỷ lệ người trả lời đã tham gia bầu cử đại biểu Hội đồng Nhân dân lần gần đây nhất (%),Tỷ lệ người trả lời đã tham gia bầu cử đại biểu Quốc hội lần gần đây nhất (%),Tỷ lệ người trả lời cho biết trưởng thôn/tổ trưởng tổ dân phố là do dân bầu (%),Tỷ lệ người trả lời trực tiếp bầu trưởng thôn/tổ trưởng tổ dân phố (%),1.3: Chất lượng bầu cử,Tỷ lệ người trả lời cho biết có từ hai ứng cử viên trở lên để dân bầu trưởng thôn/tổ trưởng tổ dân phố (%),Tỷ lệ người trả lời cho biết gia đình được mời đi bầu trưởng thôn/tổ trưởng tổ dân phố (%),Tỷ lệ người trả lời cho biết hình thức bầu trưởng thôn/tổ trưởng tổ dân phố là bỏ phiếu kín (%),Tỷ lệ người trả lời cho biết kết quả bầu cử trưởng thôn/tổ trưởng tổ dân phố được niêm yết công khai (%),Tỷ lệ người trả lời cho biết chính quyền không gợi ý bầu cho một ứng viên cụ thể (%),Tỷ lệ người trả lời cho biết họ đã bầu cho người đã trúng cử (%),1.4: Đóng góp tự nguyện,Tỷ lệ người trả lời cho biết đã đóng góp tự nguyện cho một công trình công cộng ở xã/phường nơi sinh sống (%),Tỷ lệ người trả lời cho biết Ban Thanh tra nhân dân hoặc Ban giám sát đầu tư cộng đồng giám sát việc xây mới/tu sửa công trình (%),Tỷ lệ người trả lời cho biết đóng góp của họ được ghi chép vào sổ sách của xã/phường (%),Tỷ lệ người trả lời cho biết đã tham gia vào việc quyết định xây mới/tu sửa công trình công cộng ở xã/phường (%),Tỷ lệ người trả lời cho biết có tham gia đóng góp ý kiến trong quá trình thiết kế để xây mới/tu sửa công trình (%),"Chỉ số nội dung 2: Công khai, minh bạch trong hoạch định chính sách",2.1: Tiếp cận thông tin,"Tỷ lệ người trả lời cho biết đã tìm kiếm thông tin về chính sách, pháp luật từ chính quyền địa phương (%)","Tỷ lệ người trả lời cho biết đã nhận được thông tin chính sách, pháp luật từ chính quyền địa phương (%)","Tỷ lệ người trả lời cho biết thông tin chính sách, pháp luật nhận được là hữu ích (%)","Tỷ lệ người trả lời cho biết thông tin về chính sách, pháp luật từ cơ quan chính quyền là đáng tin cậy (%)",Tỷ lệ người trả lời cho biết KHÔNG phải trả chi phí không chính thức mới lấy được thông tin từ chính quyền địa phương (%),Tỷ lệ người trả lời cho biết KHÔNG phải chờ đợi quá lâu mới lấy được thông tin từ chính quyền địa phương (%),2.2: Công khai danh sách hộ nghèo,Tỷ lệ người trả lời cho biết danh sách hộ nghèo được công bố công khai trong 12 tháng qua (%),Có những hộ thực tế rất nghèo nhưng không được đưa vào danh sách hộ nghèo (% người trả lời cho là đúng) (%),Có những hộ thực tế không nghèo nhưng lại được đưa vào danh sách hộ nghèo (% người trả lời cho là đúng) (%),"2.3: Công khai thu, chi ngân sách cấp xã/phường",Thu chi ngân sách của xã/phường được công bố công khai (%),Tỷ lệ người trả lời cho biết đã từng đọc bảng kê thu chi ngân sách (%),Tỷ lệ người trả lời cho biết họ tin vào tính chính xác của thông tin về thu chi ngân sách đã công bố (%),"2.4: Quy hoạch, kế hoạch sử dụng đất; giá bồi thường thu hồi đất","Tỷ lệ người trả lời được biết về quy hoạch, kế hoạch sử dụng đất hiện thời của địa phương (%)","Tỷ lệ người trả lời cho biết họ có dịp góp ý kiến cho quy hoạch, kế hoạch sử dụng đất của địa phương (%)","Tỷ lệ người trả lời cho biết chính quyền địa phương đã tiếp thu ý kiến đóng góp của người dân cho quy hoạch, kế hoạch sử dụng đất (%)","Ảnh hưởng của kế hoạch/quy hoạch sử dụng đất tới hộ gia đình (1=Không có ảnh hưởng gì, 2=Bất lợi; 3=Có lợi)","Tỷ lệ người trả lời cho biết hộ gia đình không bị thu hồi đất theo quy hoạch, kế hoạch sử dụng đất gần đây (%)",Tỷ lệ người trả lời cho biết hộ gia đình bị thu hồi đất được đền bù với giá xấp xỉ giá thị trường (%),Tỷ lệ người trả lời biết nơi cung cấp thông tin bảng giá đất được chính thức ban hành ở địa phương (%),Chỉ số nội dung 3: Trách nhiệm giải trình với người dân,3.1: Mức độ và hiệu quả trong tiếp xúc với chính quyền,Tỷ lệ người trả lời cho biết họ đã liên hệ với trưởng thôn/tổ trưởng TDP để giải quyết khúc mắc (%),Tỷ lệ người trả lời cho biết cuộc gặp với trưởng thôn/tổ trưởng TDP để giải quyết khúc mắc có kết quả tốt (%),Tỷ lệ người trả lời cho biết họ đã liên hệ cán bộ UBND xã/phường để giải quyết khúc mắc (%),Tỷ lệ người trả lời cho biết cuộc gặp với cán bộ UBND xã/phường để giải quyết khúc mắc có kết quả tốt (%),Tỷ lệ người trả lời cho biết họ đã liên hệ cán bộ đoàn thể để giải quyết khúc mắc (%),Tỷ lệ người trả lời cho biết cuộc gặp với cán bộ đoàn thể để giải quyết khúc mắc có kết quả tốt (%),Tỷ lệ người trả lời cho biết họ đã liên hệ cán bộ HĐND xã/phường để giải quyết khúc mắc (%),Tỷ lệ người trả lời cho biết cuộc gặp với cán bộ HĐND xã/phường để giải quyết khúc mắc có kết quả tốt (%),"3.2: Giải đáp khiếu nại, tố cáo, khúc mắc của người dân","Tỷ lệ người trả lời cho biết họ đã gửi khuyến nghị, tố giác, tố cáo, khiếu nại tới chính quyền địa phương (%)","Tỷ lệ người trả lời đã gửi khuyến nghị, tố giác, tố cáo, khiếu nại cho biết đã được chính quyền phúc đáp thỏa đáng (%)",3.3: Tiếp cận dịch vụ tư pháp,Tỷ lệ người trả lời tin vào tòa án và các cơ quan tư pháp địa phương (%),Tỷ lệ người trả lời cho biết sẽ sử dụng tòa án địa phương khi có tranh chấp dân sự (%),Tỷ lệ người trả lời cho biết sẽ sử dụng các biện pháp phi tòa án khi có tranh chấp dân sự (%),Chỉ số nội dung 4: Kiểm soát tham nhũng trong khu vực công,4.1: Kiểm soát tham nhũng trong chính quyền địa phương,Tỷ lệ người trả lời cho biết cán bộ chính quyền KHÔNG dùng tiền công quỹ vào mục đích riêng (%),Tỷ lệ người trả lời cho biết người dân KHÔNG phải chi thêm tiền để được nhận giấy chứng nhận quyền sử dụng đất (%),Tỷ lệ người trả lời cho biết người dân KHÔNG phải chi thêm tiền để nhận được giấy phép xây dựng (%),"Tỷ lệ người trả lời cho biết người dân KHÔNG phải chi thêm tiền cho cán bộ khi làm chứng thực, xác nhận (%)",Tỷ lệ người trả lời cho biết người dân KHÔNG phải chi thêm tiền khi làm thủ tục hành chính ở Ủy ban Nhân dân cấp xã (%),4.2: Kiểm soát tham nhũng trong cung ứng dịch vụ công,Tỷ lệ người trả lời cho biết người dân KHÔNG phải chi thêm tiền để được quan tâm hơn khi đi khám chữa bệnh (%),Tỷ lệ người trả lời cho biết phụ huynh học sinh tiểu học KHÔNG phải chi thêm tiền để con em được quan tâm hơn (%),4.3: Công bằng trong tuyển dụng vào khu vực công,Tỷ lệ người trả lời cho biết KHÔNG phải đưa tiền ‘lót tay’ để xin được việc làm trong cơ quan nhà nước (%),Mối quan hệ cá nhân với người có chức quyền là không quan trọng khi xin vào làm 1 trong số 5 vị trí được hỏi (0=rất quan trọng; 5=không quan trọng chút nào),4.4: Quyết tâm chống tham nhũng của chính quyền địa phương,Tỷ lệ người dân cho biết KHÔNG bị vòi vĩnh đòi hối lộ trong 12 tháng vừa qua (%),Tỷ lệ người dân cho biết chính quyền tỉnh/thành phố đã xử lý nghiêm túc vụ việc tham nhũng ở địa phương (%),Mức tiền đòi hối lộ người dân bắt đầu tố cáo (đơn vị 1000 VNĐ),Người bị vòi vĩnh đã tố cáo hành vi đòi hối lộ (%),Tỷ lệ người làm thủ tục sổ đỏ đã phải 'chung chi' (%),Tỷ lệ người dân (có người thân hoặc bản thân) đi điều trị ở bệnh viện tuyến huyện/quận đã phải 'chung chi' (%),Chỉ số nội dung 5: Thủ tục hành chính công,"5.1: Dịch vụ chứng thực, xác nhận của chính quyền","Tỉ lệ người dân đã làm thủ tục lấy chứng thực, xác nhận của chính quyền (%)","Tổng chất lượng dịch vụ chứng thực, xác nhận của chính quyền (4 tiêu chí)",Mức độ hài lòng với dịch vụ nhận được (5 điểm),5.3: Thủ tục liên quan đến giấy chứng nhận quyền sử dụng đất,Tỉ lệ người dân cho biết hộ gia đình đã xin cấp giấy chứng nhận quyền sử dụng đất (%),Tỷ lệ người đi làm thủ tục cho biết không phải đi qua nhiều ‘cửa’ để làm xong các thủ tục liên quan đến đến giấy CNQSD đất (%),Tỷ lệ người đi làm thủ tục cho biết đã nhận được kết quả liên quan đến giấy CNQSD đất (%),Tổng chất lượng dịch vụ hành chính về thủ tục liên quan đến giấy CNQSD đất (4 tiêu chí),Mức độ hài lòng với dịch vụ nhận được (5 điểm),5.4: Dịch vụ hành chính cấp xã/phường,Tỉ lệ người dân cho biết hộ gia đình/bản thân đã làm thủ tục hành chính ở UBND xã/phường/thị trấn (%),Tỷ lệ người đi làm thủ tục cho biết không phải đi qua nhiều ‘cửa’ để làm xong thủ tục (%),Tổng chất lượng dịch vụ hành chính của UBND xã/phường (4 tiêu chí),Mức độ hài lòng với dịch vụ nhận được (5 điểm),Chỉ số nội dung 6: Cung ứng dịch vụ công,6.1: Y tế công lập,Tỷ lệ người được hỏi có bảo hiểm y tế (%),"Tác dụng của thẻ bảo hiểm y tế (1=Không có tác dụng, 4=Có tác dụng rất tốt)",Dịch vụ khám chữa bệnh miễn phí cho trẻ dưới 6 tuổi (1=Rất kém; 5=Rất tốt),Tỷ lệ người được hỏi cho biết người nghèo được hỗ trợ để mua bảo hiểm y tế (%),Tỷ lệ người được hỏi cho biết trẻ em dưới 6 tuổi được miễn phí khám chữa bệnh (%),Tổng chất lượng bệnh viện tuyến huyện/quận (10 tiêu chí),6.2: Giáo dục tiểu học công lập,Quãng đường đi bộ tới trường (KM – theo giá trị trung vị),Quãng thời gian tới trường (PHÚT – theo giá trị trung vị),Nhận xét về chất lượng dạy học của trường tiểu học công lập (1=Rất kém; 5=Rất tốt),Tổng chất lượng trường tiểu học tại địa bàn xã/phường (8 tiêu chí),6.3: Cơ sở hạ tầng căn bản,Tỷ lệ người được hỏi cho biết hộ gia đình đã dùng điện lưới (%),Tỷ lệ người được hỏi cho biết hộ gia đình không bị cắt/cúp điện trong 12 tháng qua (%),Loại đường giao thông gần hộ gia đình nhất (1=Đường đất; 4=Đường trải nhựa),Mức độ thường xuyên của dịch vụ thu gom rác thải của chính quyền địa phương (0=Không có; 4=Hàng ngày),Tỷ lệ người được hỏi cho biết hộ gia đình mình dùng nước máy là nguồn nước ăn uống chính (%) (5=Trạm cấp nước tập trung; 6=nước máy về tận nhà),Tỷ lệ người được hỏi cho biết hộ gia đình mình dùng nước chưa hợp vệ sinh (%) (1=Nước mưa; 2=Nước sông/hồ/suối),"6.4: An ninh, trật tự khu dân cư","Mức độ an toàn, trật tự ở địa bàn đang sinh sống (1=Rất không an toàn; 3=Rất an toàn)",Tỷ lệ người được hỏi cho biết có thay đổi về mức độ an ninh theo hướng tốt lên sau 3 năm (%),"Tỷ lệ người được hỏi cho biết là nạn nhân của một trong 4 loại tội phạm về an ninh, trật tự (%)",Cảm thấy an toàn khi đi bộ một mình vào ban ngày (3=rất an toàn),Cảm thấy an toàn khi đi bộ một mình vào ban đêm (3=rất an toàn),Chỉ số nội dung 7: Quản trị môi trường,7.1: Nghiêm túc trong bảo vệ môi trường,Tỷ lệ người trả lời cho biết doanh nghiệp tại địa phương KHÔNG đưa hối lội để trốn tránh nghĩa vụ bảo vệ môi trường (%),Tỉ lệ người trả lời cho biết bảo vệ môi trường cần được ưu tiên hơn phát triển kinh tế bằng mọi giá (%),Tỉ lệ người trả lời cho biết họ đã báo cáo và yêu cầu xử lý sự cố/vấn đề môi trường ở địa phương (%),Cơ quan chức năng của chính quyền địa phương đã giải quyết sự cố/vấn đề môi trường được thông báo (%),7.2: Chất lượng không khí,Tỷ lệ người trả lời cho biết không phải đeo khẩu trang để tránh ô nhiễm không khí khi đi lại ở địa bàn nơi cư trú (%),Tỷ lệ người trả lời đánh giá chất lượng không khí nơi cư trú đủ tốt (%),Tỷ lệ người trả lời cho rằng chất lượng không khí ở địa phương tốt hơn 3 năm trước (%),7.3: Chất lượng nước,Nước từ sông/kênh/rạch/suối gần nhà đủ sạch để uống (%),Nước từ sông/kênh/rạch/suối gần nhà đủ sạch để giặt giũ (%),Nước từ sông/kênh/rạch/suối gần nhà đủ sạch để bơi lội (%),Chỉ số nội dung 8: Quản trị điện tử,8.1: Sử dụng cổng thông tin điện tử của chính quyền địa phương,"Tỷ lệ người trả lời cho biết đã lấy đủ thông tin chỉ dẫn và biểu mẫu cần thực hiện từ cổng thông tin điện tử địa phương khi làm chứng thực, xác nhận (%)",Tỷ lệ người trả lời cho biết đã lấy đủ thông tin chỉ dẫn và biểu mẫu cần thực hiện từ cổng thông tin điện tử địa phương khi làm thủ tục cấp giấy chứng nhận quyền sử dụng đất (%),8.2: Tiếp cận và sử dụng Internet tại địa phương,Tỷ lệ người trả lời tiếp cận tin tức trong nước qua Internet (%),Tỷ lệ người trả lời cho biết có kết nối Internet tại nhà (%),8.3: Phúc đáp của chính quyền qua cổng thông tin điện tử,Tỉ lệ người trả lời cho biết đã sử dụng cổng dịch vụ công trực tuyến ở địa phương khi làm thủ tục hành chính do cấp xã/phường thực hiện (%),"Tỉ lệ người trả lời cho biết cổng thông tin điện tử của tỉnh, thành phố dễ sử dụng cho tra cứu thông tin (%)","Tỉ lệ người trả lời cho biết chính quyền địa phương có đăng tải dự thảo chính sách, pháp luật lên cổng thông tin điện tử để lấy ý kiến nhân dân (%)",Tỉ lệ người trả lời cho biết đã sử dụng cổng dịch vụ công trực tuyến của địa phương (%),Tỉ lệ người trả lời cho biết đã có thể thanh toán trực tuyến trên cổng dịch vụ công của địa phương (%)
Hà Nội,43.77471542,43.22079086,44.32863998,0.2825990617,5.392269611,1.425715804,0.8109383583,0.6396115422,1.531021953,0.4469206333,0.1999264359,0.7494521737,0.7478628159,0.8227519393,0.6709067225,1.459967136,0.3851997852,0.4561282694,0.5022336841,0.8495815396,0.02652274631,0.9178414941,0.9755644798,0.4751914144,0.3745279908,0.5506047606,0.2962987125,0.1853358895,5.711351871,1.016435981,0.2881606221,0.2647058368,0.2498372942,0.2558268309,0.983749032,0.9985305071,1.803773403,0.5374112129,0.2600378096,0.20221591,1.4837327,0.4466775656,0.2945935428,0.8999586105,1.407409906,0.1722245812,0.01470745448,0.7656320333,2.304433107,0.9182649255,0.1421684921,0.67587924,4.362600803,2.017976284,0.2871604264,0.9551504254,0.1673145294,0.9437081814,0.08057330549,0.9827163815,0.02319364063,0.9319480658,0.4129387736,0.1160610095,0.1073431,1.931686044,0.9097055793,0.819270134,0.09170824289,6.698252201,1.565713763,0.6773017645,0.5907536149,0.4862296283,0.2585376799,0.1425204724,1.930790782,0.6573621035,0.6367200017,1.139920712,0.4164218903,1.873093724,2.061826706,0.9469723105,0.6645087004,31421.75,0.05450799689,0.5901936889,0.4477971792,7.123150826,2.399049759,0.2666686773,3.830938101,4.180018902,2.279572487,0.07423116267,0.8122957945,0.8778770566,3.320492029,3.727074862,2.444528341,0.1266494989,0.9850746393,3.741331577,4.265470505,7.568981171,1.686252236,0.9177741408,3.441353083,4.263872623,0.5856884122,0.5020450354,2.059157372,1.713338494,1.0,7.0,4.196613789,4.093522549,2.212019682,0.9983410835,0.5676986575,3.519052744,3.912723064,0.9892842174,0.005778949708,1.957370639,2.356888533,0.1242478937,0.07991791725,2.352056026,2.160340786,2.872573614,0.9618303776,0.5224230886,0.7696188688,0.9164865613,0.6385414004,1.569140553,0.1911396831,0.7470907569,0.2975767851,0.3416027427,0.0002105899912,0.0003626671969,0.007696155459,4.045535564,0.5808869004,0.08310940862,0.02461002581,2.96050787,0.8097555041,0.9616302848,0.5041409731,0.05660046637,0.3533795178,0.7084947228,0.1412378699,0.4719602168
Cao Bằng,41.33247757,39.59832001,43.06663513,0.8847280145,4.640318394,1.056707978,0.5468549132,0.4436463118,1.380180955,0.5481251478,0.09939784557,0.7020648718,0.6515446305,0.7833121419,0.6056050658,1.315114141,0.2393836826,0.2936109006,0.3475154936,0.9633539915,0.05317717791,0.9633539915,0.8883151412,0.3064134717,0.2624981999,0.5793328285,0.5066373944,0.2653518319,5.127020836,0.908657372,0.2026064396,0.187475875,0.1864267141,0.1733944863,1.0,0.993483901,1.626177192,0.7284778953,0.4222173989,0.5224850178,1.3255198,0.3095695674,0.2518731058,0.8988586068,1.266666532,0.244629547,0.0411950089,1.0,2.17737937,0.6834721565,0.1348002553,0.4144343734,4.211669445,1.98977685,0.2171074599,0.8357160091,0.1432836801,0.954475224,0.08746951073,1.0,0.04561277479,1.0,0.4447023571,0.1647800356,0.144182533,1.777190208,0.8623335958,0.710585773,0.07355448604,6.223402023,1.553606153,0.6555304527,0.5277487636,0.55486238,0.2643989623,0.1540672332,1.98532474,0.6670713425,0.680324614,0.958994031,0.4531450868,0.8853591681,1.725477219,0.9663702846,0.409188509,41019.00781,0.1937604547,0.2564292848,0.5846232176,6.814190388,2.402329922,0.3142084181,3.727413177,4.159760475,2.060482502,0.1408139318,0.7462745905,0.6925492287,3.0,3.679217577,2.351377964,0.2278427929,0.9750000238,3.095007181,4.010745049,7.584079742,1.960015059,0.9519759417,3.530437231,4.375,0.7764101028,0.8611755371,3.547917604,1.948194742,1.0,5.0,4.25910759,4.116116047,1.749573827,0.9859185815,0.4951681793,2.912919283,2.143685102,0.3343075514,0.006516110618,1.926295996,2.206959724,0.1669602245,0.08591600418,2.377470732,2.019071102,3.789169312,0.9411005974,0.5342648625,0.5163726807,0.8103302717,0.5660735369,2.129677773,0.4409409463,0.8621125221,0.493290931,0.718390882,0.07272639126,0.1691977978,0.1431333572,2.942626953,0.4585265517,0.04329335317,0.03258055449,2.071750641,0.5920255184,0.5808705688,0.4123497009,0.02606444247,0.2393836826,0.5533710122,0.05511314794,0.5
Tuyên Quang,43.1726105599999,40.4064043829411,45.9388167470588,1.41125587152941,5.1857557577647,0.993408535952941,0.560756115364705,0.380429546629411,1.47666848388235,0.534050774929411,0.143946730894117,0.688349327635294,0.730240983129411,0.82639720507647,0.650660104582352,1.51383853617647,0.428693047358823,0.51306456857647,0.518051017688235,0.951486913611764,0.169324115794117,0.875826530588235,1.20184023241176,0.455744364699999,0.456846184570588,0.769310583064705,0.637016107041176,0.396824277482352,5.33329955282352,0.882042579752941,0.187597422005882,0.171086705817647,0.164644027435294,0.162118726782352,1.0,1.0,1.73902172229411,0.687504586052941,0.374808605941176,0.349528112811764,1.41917566711764,0.470285324482352,0.209040752205882,0.881594633311764,1.29305958082352,0.238398692199999,0.0643209499470588,0.799982891352941,2.36886861752941,0.762612027294117,0.28094133557647,0.475150558841176,4.2820300217647,1.93419895417647,0.257588889635294,0.9027541245,0.158027515710588,0.853360761594117,0.0895076678858823,0.917847089870588,0.0231499303829411,1.0,0.498904294829411,0.242883144905882,0.212077857823529,1.84892674047058,0.904863413623529,0.740517090323529,0.124947620705882,6.95845244952941,1.64983128099999,0.639730537641176,0.605315822017647,0.6213953355,0.338553244558823,0.192850444241176,2.08140181111764,0.709056146041176,0.767924003729411,1.19972497582352,0.547346307958823,1.48426819547058,2.02749455664705,0.964888912782353,0.578750256182353,30306.4518623529,0.0,0.375882739541176,0.606333133052941,7.15978818752941,2.51301410588235,0.383201423835294,3.72290757111764,4.22666995688235,2.24144356417647,0.102784218171764,0.799948320705882,0.672935783847058,3.4837081007647,3.59329755152941,2.40533053147058,0.222246510129411,0.944082659864705,3.3641629637647,4.08655789335294,7.17848892770588,1.98891423717647,0.965580807011764,3.72674284247058,4.35278051005882,0.765696480017647,0.728325696552941,4.53118829188235,1.42736073135294,1.0,9.99999999999999,4.10305407452941,4.98812487547058,1.78966270447058,0.986243360182352,0.399312369929411,3.26802874970588,2.12067104082352,0.301449596888235,0.0722223905823529,1.97255135970588,2.36832857135294,0.117229935,0.0320585921241176,2.36216560488235,2.20934058629411,3.75124064623529,1.04495848622352,0.598536193405882,0.675471077958823,0.898792210729411,0.577284865505882,2.10054387741176,0.371514337929411,0.880879104158823,0.514817164211764,0.605738285682352,0.0569093599917647,0.112199086484705,0.103296504731764,3.32355448782352,0.536767289941176,0.0710328260741176,0.030123730357647,2.37142299211764,0.66712709737647,0.707568540294117,0.415364328547058,0.0270673084794117,0.293513313805882,0.635557626935294,0.111841621659999,0.312236510682352
Lào Cai,41.849569657647,39.2824211094117,44.4167182011764,1.3097007837647,4.87084329805882,0.954209317194117,0.581349786635294,0.335288936617647,1.40723163223529,0.569451177829411,0.200338545105882,0.625590601370588,0.636609354429411,0.851191264741176,0.62581655207647,1.52086009017647,0.466534428711764,0.537262436211764,0.506388806241176,0.888105907841176,0.121594439955882,0.886582479729411,0.988542297311764,0.307277041294117,0.335956624317647,0.750501983323529,0.601131958141176,0.355979605652941,5.13109050111764,0.842130369988235,0.167624931988235,0.154167938741176,0.1413690027,0.1369614347,0.992858311699999,1.0,1.70383068417647,0.656240898029411,0.381110133499999,0.355605633841176,1.30945892911764,0.414049255511764,0.182424898535294,0.780749976629411,1.27567049341176,0.231459082052941,0.0595584713358823,0.741050096152941,2.26671964970588,0.849155212135294,0.272319209070588,0.468092848288235,4.18548376429411,1.83933586235294,0.176651486617647,0.817402766011764,0.128499614405882,0.753857865064705,0.0606707069394117,0.922802700705882,0.0188306603488235,1.0,0.485058579370588,0.234021271858823,0.183644873258823,1.86108954499999,0.917881853452941,0.73978429677647,0.129502893370588,6.73160522170588,1.66924081829411,0.68768584377647,0.593317378947058,0.61131786247647,0.290002970141176,0.213238003505882,2.01443607641176,0.67222857127647,0.736965414341176,1.05307073447058,0.436206296988235,1.38817179205882,1.99485752852941,0.943387413741176,0.528087738682352,30762.412917647,0.0,0.390131543670588,0.582411643347058,6.96815849764705,2.36135129388235,0.323595683358823,3.56736933482352,4.01722153494117,2.23608192258823,0.136865283205882,0.884991386323529,0.70561511027647,2.95263598941176,3.67728945782352,2.37072515517647,0.247066322482352,0.910513134611764,3.35988458499999,3.89102921747058,7.18543019017647,1.93792044417647,0.956922492547058,3.54219524958823,4.2836323347647,0.760784433170588,0.701808087988235,4.28289015117647,1.43038645223529,1.0,9.99999999999999,4.13805613817647,5.07976621729411,1.90142851682352,0.984370666382352,0.246220355564705,3.26105612882352,1.84022174188235,0.452119006805882,0.00292944776658823,1.91569476941176,2.25766491905882,0.153776916552941,0.0852674467470588,2.31026408235294,2.02244802088235,3.47581713358823,0.938104647011764,0.527168624535294,0.660619837388235,0.869683616258823,0.512412509523529,1.94047256099999,0.314881670135294,0.862419366823529,0.42983817177647,0.597240016735294,0.0442564307770588,0.108712499635294,0.11093773563647,3.3011408417647,0.515899160347058,0.066534989457647,0.0192332544935294,2.36942343141176,0.641752414852941,0.731596694270588,0.415818270547058,0.0272183230923529,0.30295387787647,0.617913775594117,0.0979094580070588,0.556383350317647
Điện Biên,41.37582779,40.43947601,42.31217957,0.4777055383,4.63153553,0.9408271313,0.4455891252,0.3912740052,1.381612539,0.580216825,0.1730174124,0.5745406747,0.6530224085,0.8534526229,0.6352562904,1.424857497,0.3885963559,0.45921579,0.6484159231,0.8625505567,0.3223737776,0.9750609398,0.8842385411,0.3733793795,0.2423610687,0.6550915241,0.4738419354,0.2871522605,4.990960121,0.8350481391,0.1604337096,0.1458832771,0.1458832771,0.1386080533,0.9501298666,0.9934356809,1.55110395,0.5491492152,0.4666260779,0.383399725,1.293292522,0.247191444,0.2347805202,0.8262868524,1.311515331,0.2145359665,0.06618789583,0.7909055948,2.173445702,0.7796106339,0.3579482734,0.3882642984,4.221664429,2.024204254,0.3231193721,0.8577921987,0.1659082174,0.8021707535,0.09599969536,1.0,0.04808285832,1.0,0.5024546385,0.2461016476,0.2184226066,1.695005536,0.8367694616,0.6531350613,0.1529456377,6.615695,1.63394022,0.5833925605,0.6112376451,0.6506234407,0.313711375,0.2484004349,2.052858114,0.6825680137,0.7510546446,0.957418561,0.4102091491,1.093036771,1.971477866,0.9701882005,0.5257357359,34339.67578,0.0,0.338013202,0.5121209621,7.193321705,2.506961584,0.374806881,3.848972559,4.179960251,2.279220819,0.07718373835,0.9907892346,0.7238922119,3.386244535,3.498924494,2.407139301,0.3119106591,0.921875,3.203084469,3.98366189,6.742524147,1.845922232,0.901535511,3.624050379,4.576150894,0.5496941209,0.5718201995,4.642067909,1.23568666,1.5,10.0,4.12766552,4.861083984,1.727944136,0.9934356809,0.4391440153,2.914695978,1.945477009,0.2903446853,0.03938579932,1.93297112,2.397056103,0.1568187177,0.11159309390000001,2.36098814,1.965348601,3.892336369,0.9429067969,0.5588892698,0.5961891413,0.7728663087,0.4506397843,2.05829668,0.4314899147,0.8921275139,0.4013460577,0.891132772,0.1444145888,0.2333050966,0.1800797731,3.087790489,0.5381909609,0.08429293334,0.02767903917,2.040645123,0.6201475263,0.531801939,0.5089544654,0.05820175633,0.2611970007,0.4263942838,0.1059525758,0.2365645021
Lai Châu,43.47956848,42.1847229,44.77441406,0.6606001854,5.236279488,1.033711314,0.5837412477,0.4047616422,1.492469549,0.5565567017,0.1663290858,0.7731932402,0.6873217821,0.7678710818,0.5652087927,1.40927887,0.3314723969,0.428876847,0.4965533912,0.9773247242,0.183417201,0.9261598587,1.300820112,0.5875172615,0.3795159459,0.7497004867,0.5504987836,0.5094588399,5.43112278,0.9157601595,0.2074377686,0.1871991456,0.1871991456,0.1808739007,1.0,0.9873495102,1.652803063,0.5458222032,0.3382079601,0.372195214,1.438504577,0.4326654971,0.2754826546,0.8315345049,1.42405498,0.1992181987,0.03794066235,1.0,2.372877359,0.863381207,0.5660924911,0.4794571996,4.219032288,1.945608139,0.2152937651,0.9645039439,0.1540467888,0.9421721101,0.09297353774,0.8639345169,0.01897573471,1.0,0.442234993,0.1669713408,0.1353451163,1.831189036,0.8766631484,0.7508004904,0.09297353774,6.635307312,1.609634161,0.6268321276,0.5566338301,0.6293795705,0.2897322476,0.1657084525,1.995272994,0.6616156101,0.7248680592,1.121040583,0.4554407001,1.594087958,1.909359455,0.940547049,0.5016009808,31127.61523,0.1063907146,0.3937955797,0.4090117216,7.13121891,2.512898207,0.3169741333,3.913111925,4.319375038,2.266088963,0.09549931437,0.7730436325,0.6688329577,3.205199003,3.65950489,2.352231979,0.178990379,0.9756097794,3.321573973,4.003643513,7.721698761,1.90176785,0.8765968084,3.678625584,4.400000095,0.709636271,0.7267724276,3.551061869,1.977817655,1.0,5.0,4.100441456,4.765204906,1.930301189,0.9677423239,0.3364684582,3.164801359,2.26259923,0.5755771399,0.01960717887,1.911811948,2.31507349,0.1404966265,0.18469499590000002,2.336713791,1.975927353,3.681637526,0.9434880018,0.5199560523,0.615444541,0.8066421747,0.595341742,2.061358452,0.4522835016,0.8469312191,0.4288105369,0.6767908931,0.04427671432,0.1214425415,0.1777383089,3.423270464,0.588653326,0.08228367567,0.0347834453,2.418868065,0.688113153,0.7185320258,0.4157491028,0.02719531208,0.2542402744,0.6059620976,0.1480904967,0.3363903761
Sơn La,43.88755035,42.42144775,45.35365295,0.7479726672,5.204467773,1.139144182,0.6124204397,0.4841401577,1.466421247,0.6266666651,0.2069623917,0.7555757761,0.5729452968,0.7826614976,0.6291740537,1.529419422,0.4254837632,0.4782256484,0.8207806945,0.8709911704,0.3308870494,0.8690254688,1.069483042,0.4105157852,0.4385273159,0.6784889698,0.5091773272,0.2265771627,5.361041069,0.8224684,0.1462102234,0.1374734789,0.1368820369,0.1299196482,0.9956977367,1.0,1.75460434,0.6359948516,0.3463346064,0.296710372,1.42733705,0.4238444269,0.2488737851,0.9070211649,1.356631279,0.1971777678,0.02207007632,0.7113312483,2.289348841,0.8823658228,0.1766721159,0.5496239066,4.46228075,2.11239624,0.3512632549,0.9801790118,0.1906718016,1.0,0.1066666692,0.9402724504,0.05274188146,1.0,0.4866434038,0.2179299295,0.2040051371,1.863240957,0.9026615024,0.7571777701,0.07763420045,7.062807083,1.857439756,0.7559948564,0.6899196506,0.6973384619,0.281182915,0.1577692181,2.062661409,0.6586563587,0.7988170981,1.174611926,0.4905110896,1.656830668,1.96809411,0.9594085217,0.5959948897,31336.2832,0.01457081269,0.3846284747,0.722335577,7.138986588,2.455998659,0.2945162356,3.849625826,4.195145607,2.220825911,0.08755384386,0.6788089871,0.6361700892,3.41787219,3.708935976,2.462162256,0.195403412,0.9591836929,3.576147318,4.060709,7.460101604,1.96648407,0.9200000167,3.441622257,4.280479431,0.7251880169,0.7868255973,5.331258297,1.626927972,1.0,8.5,4.197763443,5.228205204,1.894472837,0.9802957177,0.5693281889,3.148576021,3.160045147,0.5058888197,0.03822564706,1.972216606,2.398952007,0.1490324736,0.045780663490000005,2.402957201,2.139330149,3.81441474,1.153797626,0.6770427227,0.7014786005,0.7989059091,0.6592312455,2.089784622,0.38193506,0.8945162296,0.4799999893,0.5708325505,0.0445965901,0.09615556896,0.09674702585,3.383451223,0.4805700779,0.06325297803,0.01629058458,2.495426893,0.7484410405,0.7097589374,0.4074542522,0.0244358778,0.2202957273,0.7154034376,0.06502732635,0.5471573472
Thái Nguyên,45.9511655947058,43.1678159329411,48.7345152482353,1.42000167891764,5.74552404188235,1.35765673099999,0.826309365388235,0.571429098329411,1.66217369894117,0.683421951835294,0.295810634629411,0.733495547499999,0.718791372641176,0.900423077970588,0.69264128627647,1.57457345382352,0.526760329194117,0.565427517152941,0.550466481405882,0.934246771441176,0.0735728486564706,0.957923871617647,1.15111999611764,0.420995948923529,0.399167169494117,0.69555969097647,0.574585518394117,0.393345627752941,5.96313176394117,1.03675458328823,0.28837520937647,0.274568234270588,0.267421573358823,0.262025254588235,1.0,0.994377942670588,1.96763494464705,0.766139524823529,0.25112933447647,0.227837878123529,1.48229769411764,0.513106156764706,0.266592137558823,0.866270524605882,1.47644458817647,0.28340025507647,0.0668178974288235,0.973712342623529,2.34051019970588,0.80549458897647,0.3462236243,0.639124954423529,4.54802544011764,2.04674955005882,0.299909495270588,0.966721790670588,0.152834610888235,0.936896317188235,0.13146484384,0.963969349841176,0.0544506280688235,0.941176474088235,0.540866084,0.293112838994117,0.274876641017647,1.96040967599999,0.922180978682352,0.835808519023529,0.0702871713135294,7.15654791082352,1.82080268123529,0.740448268035294,0.684153104564705,0.669802129282352,0.452816035835294,0.207701753164705,2.10737357423529,0.665174873411764,0.848210766023529,1.22617934717647,0.486248735082352,1.90733141758823,2.00219238517647,0.963112410405882,0.569916953035294,32935.5102223529,0.0271388616705882,0.622949761541176,0.656727853911764,7.39017696958823,2.60379644035294,0.470166555217647,3.84001492052941,4.15955206905882,2.35077608347058,0.160769110211764,0.801376125358823,0.866549449794117,3.41284758917647,3.91425647417647,2.4356042077647,0.209833841958823,0.973514350052941,3.50121270947058,4.06117638441176,7.81627957923529,2.00285955,0.943721210252941,3.60558160641176,4.21688374335294,0.827118978770588,0.811508448664706,4.33911222535294,1.85522143947058,1.0,5.88235294117647,4.15995286458823,4.44964479005882,1.98353841770588,0.998890543688235,0.259236198970588,3.47470995964705,2.9929616027647,0.312932174005882,0.00340313513729411,1.97466009505882,2.37391766352941,0.224857425894117,0.069168245087647,2.40475159547058,2.15458956841176,3.4117998517647,0.964673687470588,0.543396648241176,0.775739438364705,0.908663374511764,0.551598554123529,1.97923670794117,0.29355223217647,0.929814801511764,0.422536350335294,0.467889417641176,0.0160935057651764,0.0569376117188235,0.0615249648752941,3.9196795717647,0.603044310029411,0.0847087901305882,0.027246277777647,2.89574236041176,0.817108487394117,0.910664116617647,0.420892994205882,0.0289065200188235,0.316818382799999,0.71843295237647,0.156004207970588,0.610030104170588
Lạng Sơn,45.00362396,43.0752449,46.93200302,0.9838147163,5.525623798,1.035178542,0.542323947,0.4267745018,1.776866198,0.6286177635,0.234860763,0.8232610226,0.872356832,0.8985885382,0.6648009419,1.64967072,0.607489109,0.8512998223,0.3059794605,0.9641620517,0.04684202,0.9510621428,1.063908219,0.3324986994,0.423660934,0.6614118814,0.53878057,0.4047113955,5.644308567,0.9064255953,0.2017100304,0.1814277321,0.1804481,0.1804481,1.0,0.9935657978,1.881764889,0.6806480289,0.2632923126,0.2454836965,1.488104463,0.4905602634,0.229826659,0.9284287691,1.368013501,0.2091238797,0.05833117291,1.0,2.43745327,0.7749355435,0.3141982853,0.4845492244,4.403242111,1.96668005,0.2540708482,0.9447847009,0.1564273983,0.9522511959,0.09315215051,0.9198169112,0.05343302712,0.8795834184,0.457436353,0.1780656576,0.1651972234,1.979125857,0.9005478024,0.8763470054,0.06826072931,7.133356094,1.880927801,0.7774512172,0.703735888,0.6933831573,0.3635451794,0.1488334537,2.072702408,0.7220589519,0.7423412204,1.244391441,0.583578229,1.501626134,1.935334682,0.9658696651,0.4849724174,36143.08594,0.0,0.5232307315,0.6754504442,7.485472679,2.557474852,0.3949724734,3.890937328,4.241726398,2.513235092,0.0795930922,0.9753840566,0.9191610813,3.894545078,4.29873991,2.414762735,0.1359650046,0.944444418,3.647126675,4.358078003,7.861847878,1.959565401,0.945587337,3.695972919,4.26620245,0.7459698319,0.7838895917,4.494753361,2.033733368,1.0,5.0,4.104273319,5.728078842,1.921368122,0.9935657978,0.6384140849,3.267455101,2.92874527,0.6174420714,0.006434220821,1.947181106,2.339211226,0.05876686051,0.03315073252,2.304101229,2.158755302,3.607573509,1.126809597,0.6537982225,0.645827949,0.8087716103,0.6145335436,1.885163665,0.2571023107,0.8673970699,0.427330941,0.595600307,0.01930266246,0.1242094561,0.1187548637,3.342197895,0.5337100029,0.1043503508,0.02224154957,2.391233206,0.6052633524,0.782772541,0.4172545969,0.02769614197,0.2744457126,0.6493232846,0.07617238164,0.5210934281
Quảng Ninh,47.82123566,46.90607452,48.73639679,0.4668950438,5.873931408,1.294818282,0.6448731422,0.6062908173,1.883087277,0.526593864,0.2014256418,0.9087409377,0.9718307853,0.9331837893,0.687523067,1.519393802,0.4113055468,0.4585713744,0.8422400951,0.7236908674,0.09042835981,0.8916645646,1.176631927,0.5937855244,0.3521490991,0.6863801479,0.584826529,0.2287933677,5.830792427,0.8851020336,0.2014256418,0.184347719,0.1818752736,0.1761826277,0.9382402301,1.0,2.022160053,0.5892128944,0.1257400811,0.1036769375,1.518026352,0.5226259828,0.2092632651,0.9455381036,1.405503631,0.230636552,0.04726583883,0.9476904273,2.274747849,0.9111609459,0.2911780179,0.6146851778,4.344813347,1.969765663,0.2420218438,0.9897841811,0.1083894148,0.872148633,0.04973829538,1.0,0.008165095001,1.0,0.4170969129,0.1229948699,0.111609593,1.957950711,0.9552066326,0.800299108,0.09700413793,7.989055634,1.981800437,0.7785055637,0.7473406196,0.7832211852,0.1942375451,0.1279397905,2.259832621,0.8435969949,0.8671153188,1.578057408,0.6602262855,2.601346016,2.169365168,0.9690643549,0.7572304606,29190.94336,0.0,0.4290446341,0.5075150132,7.387648582,2.398030519,0.217008099,3.816373348,4.323792934,2.459551334,0.138577342,0.7946042418,0.9178417325,3.635683298,4.007050037,2.53006649,0.1361048818,1.0,3.760035276,4.532808304,8.419839859,1.889129162,0.978603065,3.603337288,4.409117222,0.611754179,0.6685795188,4.133696556,2.11402154,0.5500000119,5.0,4.348657608,3.876264811,2.344445467,1.0,0.05543093383,3.377378941,3.926196098,0.8893674016,0.02277055383,2.07224369,2.562139511,0.1722863466,0.01138527751,2.584497213,2.418112278,4.033169746,1.250925422,0.7287672162,0.8198494911,0.8111011386,0.6620676517,2.352135897,0.3887642622,0.9519864321,0.6780519485,0.4301081896,0.01138527691,0.02277055383,0.06261902303,3.941986084,0.5656289458,0.04007774964,0.03588056192,2.951612234,0.8183540106,0.9470415115,0.4247448742,0.03018792346,0.4466676712,0.7164049745,0.1577596068,0.4890232384
Phú Thọ,44.063234805,43.58548355,44.54098606375,0.2437371723625,5.233066380125,0.969390273125,0.6471155062,0.315900303387499,1.641892418375,0.653372831675,0.218782935275,0.767492711525,0.726546242825,0.867639869475,0.68242642285,1.441527098375,0.3715044930625,0.451078493175,0.64200232925,0.8556773811375,0.2909858469375,0.890172965825,1.1802565305,0.473436396575,0.420044600925,0.7255469635,0.5390843302,0.338082771725,5.607783377125,0.9090177119125,0.2122959476,0.184415170925,0.1841043029,0.183793434875,0.996815584625,0.9960743635625,1.865342974875,0.7409817650875,0.308643426725,0.2946909517,1.419071570125,0.4656741805125,0.239605324325,0.839605480425,1.414351061,0.2405777480625,0.06912989588625,0.9730770811375,2.394319713125,0.8755807727875,0.233333745975,0.5116125792125,4.30334782575,1.995541185,0.2226385660375,0.9765830039875,0.12630042990875,0.988921307025,0.07471549511,1.0,0.0245774041375,0.9484198913125,0.4872257858625,0.2224150523625,0.201088743262499,1.82058087025,0.914455391475,0.7022929340125,0.189524659925,7.071202099375,1.744802460125,0.7170623689875,0.6074677854875,0.66853983705,0.284295924,0.171670693899999,2.12982085325,0.7331186011375,0.8090244978625,1.202955558875,0.4943023212375,1.763846531875,1.993623003625,0.96428474785,0.526146605625,30109.554935,0.0,0.4232796766125,0.62451262025,7.1513641475,2.433804183875,0.312952231662499,3.712334811875,4.25530999925,2.2428095345,0.14258219115,0.861229419675,0.652990758375,3.493087649125,3.506937354875,2.474750280375,0.1860967259875,0.9765625,3.64918103775,4.265537023375,7.63253939175,1.995174810625,0.870217219025,3.629498362625,4.084563791625,0.810805425025,0.808760032025,5.518534183625,1.7759563625,1.0,7.1875,4.24060791725,5.412070274375,1.89530271275,0.9976993799125,0.26941271685,3.36928370625,2.601625055,0.224070852624999,0.006226269353875,1.9661055505,2.326764285375,0.141912166,0.03598958879875,2.389285206625,2.176700263875,3.60429349499999,0.998539671375,0.5609274208375,0.711277790374999,0.8071970492875,0.600761599825,2.020895674875,0.3131821267125,0.9430922046625,0.4312881230875,0.5848580933875,0.05032759438125,0.10337443415625,0.0978227118,3.4596387745,0.510217353725,0.06326783728125,0.02623789338375,2.5542783735,0.681096114199999,0.8167344108125,0.39514311405,0.02034036209625,0.233919248,0.6579982266,0.0874599660624999,0.6398673169
Bắc Ninh,45.0283753514285,43.8409761714285,46.2157745357142,0.605784799357142,5.80344581614285,1.14139555157142,0.616261882457142,0.484220653785714,1.800640992,0.628479829885714,0.242322027657142,0.834778470671428,0.877795415285714,0.900120539328571,0.6645661422,1.527725986,0.457078295085714,0.579849524128571,0.8682713509,0.781180884157142,0.267040269757142,0.971227935371428,1.333683269,0.6745265552,0.454630945428571,0.813200099128571,0.5859507961,0.3249663157,5.425173283,0.8138794388,0.148266783771428,0.137199232642857,0.129727720142857,0.131584245157142,0.964361837942857,0.997407478942857,1.91761633328571,0.741779557285714,0.261632118914285,0.274861054714285,1.36810716542857,0.484839081785714,0.135514035814285,0.850181392228571,1.32557027642857,0.1779559659,0.0275547089299999,0.825192936828571,2.38907916171428,0.892473084571428,0.110795437202857,0.527229560285714,4.37383604071428,1.87996867714285,0.201425143642857,0.930166925728571,0.107308761314285,0.856821383728571,0.0615672054014285,0.904331845885714,0.02850558662,0.842390869371428,0.502362515257142,0.260057185385714,0.204218909142857,1.99150463485714,0.931888324871428,0.857510302757142,0.0766155527971428,7.02583421957142,1.72351917214285,0.689325579571428,0.624080129985714,0.651286567971428,0.241356619757142,0.188030496271428,2.04745435757142,0.641205012771428,0.775008039785714,1.19386473714285,0.477281510842857,1.80854684971428,2.06099588514285,0.980392685942857,0.6035198484,28203.2633914285,0.0,0.342089152785714,0.507066288171428,7.36336190371428,2.40993329471428,0.255883895914285,3.84681449585714,4.24156611285714,2.43758572842857,0.134735425657142,0.895873997885714,0.8888903601,3.60351068671428,3.91178083442857,2.51584291414285,0.189981633028571,1.0,3.75155752057142,4.25764887642857,8.090507099,1.97100322614285,0.949039927542857,3.61269371885714,4.17120879042857,0.784813582928571,0.749345421785714,4.43779618414285,1.97329381542857,0.914285719385714,5.57142857142857,4.19762659071428,4.83702741371428,2.18543805357142,0.999723196057142,0.270544499157142,3.42432359314285,3.31106809171428,0.800550026571428,0.00517854626685714,1.96077185042857,2.32208735628571,0.149679326585714,0.0625472504657142,2.37005121342857,2.18025932999999,3.29404020314285,0.993672933157142,0.554475000928571,0.782800120957142,0.756182977128571,0.514323277114285,1.83212985285714,0.243756617814285,0.856640245257142,0.398399710685714,0.468237272314285,0.0170347413871428,0.0497055990328571,0.0681635886428571,3.65217682314285,0.456994171671428,0.0443558139471428,0.0101259686042857,2.81240752771428,0.760875744485714,0.910779203642857,0.382775234314285,0.0162259609025714,0.313347531228571,0.633897015057142,0.0735481360128571,0.452424649685714
Hải Phòng,42.6505452592683,40.5590651934146,44.74202533,1.06702567878048,5.29510252612195,1.23875238214634,0.582347048504878,0.587717469170731,1.56428408919512,0.57290111812439,0.228390745265853,0.759667416882926,0.665649677187804,0.842708795541463,0.706488458141463,1.4924700142439,0.402178172670731,0.525119377336585,0.928767317653658,0.749730078160975,0.572445795302439,0.893350021126829,0.999596040331707,0.56114940527317,0.244361818209756,0.695567209526829,0.433960832468292,0.209663638971707,5.17479544163414,0.821960952234146,0.150775027339024,0.127227613495122,0.117306678407317,0.126766575202439,1.0,0.996846710780487,1.72121884475609,0.605763255090243,0.344107083431707,0.321492057034146,1.33596060021951,0.431118801575609,0.151214500012195,0.869548956063414,1.29565501812195,0.144840301521951,0.051736960507317,0.885799428287804,2.35833509404878,0.800340313717073,0.222491240902439,0.514366424675609,4.22117490309756,1.9605481537317,0.198164528834146,0.965344872407317,0.147976571809756,0.947972674207317,0.0628088670878048,1.0,0.0256076887636585,0.911849780756097,0.439366182192683,0.162216713531707,0.132372304807317,1.82126054821951,0.889998688931707,0.727436200863414,0.136394768212195,6.52326806002439,1.50887927458536,0.607443857482926,0.503158417407317,0.567903440187804,0.228177335902439,0.217615831553658,1.93418509526829,0.650953124180487,0.665499874731707,1.10099459834146,0.441114618246341,1.5766251112439,1.97920896941463,0.929127127690244,0.487678267626829,26439.5226317073,0.0,0.250827573465853,0.605559599104878,7.08626606414634,2.36296061175609,0.274038489290243,3.72513119768292,4.02627971095122,2.23319383941463,0.129295862841463,0.897628169260975,0.820625825636585,3.04932778029268,3.66923345553658,2.49011161829268,0.238687111507317,0.980585285780487,3.5433288902439,4.10968610717073,7.55075429129268,1.90929160207317,0.902945107063414,3.37536791492683,4.06734295602439,0.809865899202439,0.768951692219512,3.94512405046341,1.42429621317073,1.0,9.48780487804878,4.14298825158536,4.29230350370731,2.26190140760975,1.0,0.0465732434912195,3.46594393546341,3.03953423758536,0.861012726263414,0.0326711858895122,1.9552648884878,2.321117535,0.197647359678048,0.0656445952197561,2.3513019954878,2.14386803334146,3.24373766234146,0.899776963175609,0.504971822590243,0.73618528174878,0.805431291839024,0.462018891053658,1.84733504209756,0.264626168619512,0.86165761077317,0.387717874290243,0.496625670551219,0.0208455519087804,0.0581108156307317,0.0843359688080487,3.555446177,0.500022662841463,0.0540354389039024,0.0137609937588048,2.6682118382439,0.683313935280487,0.891239478843902,0.387211764014634,0.0177018539292682,0.32475552177317,0.614363059782926,0.0945228870853658,0.675447269182927
Hưng Yên,44.6023586965625,43.4572434434374,45.747473955625,0.584211373678124,5.29278382674999,1.1343783175625,0.612287754231249,0.479970187881249,1.57847736412499,0.655751783359374,0.221593969056249,0.733507551271875,0.685110665865625,0.862763727071874,0.669132908815625,1.518334183875,0.388513169234375,0.507588036328125,0.950539508840624,0.817677399140625,0.547968507753125,0.946173127743749,1.06159391225,0.453306576240625,0.381042974096875,0.813908711071874,0.569858681378125,0.266288666062499,5.58514900515624,0.89662070016875,0.207846876224999,0.17929966934375,0.17616702478125,0.1756951753375,0.96610257028125,0.995666364187499,1.791681229875,0.763952795409375,0.342468588646874,0.383481659940625,1.42934557053124,0.637991687253124,0.132084476984999,0.790732927646875,1.4675017670625,0.23691197159375,0.0525688844487499,0.992111440765625,2.30540575846874,0.903914956384374,0.424296269209375,0.5286862496125,4.51223404740625,2.1362176164375,0.299746606940625,0.986888995390624,0.223300991140625,0.970271948725,0.13737040081875,1.0,0.07238938624875,1.0,0.50391895233125,0.237267238978125,0.231201333453124,1.87209730962499,0.927580311906249,0.741204790784375,0.116995351381249,7.10760979359375,1.73678013281249,0.717549882828124,0.603941310225,0.6608823463125,0.28833025975,0.220034487074999,2.03704389196874,0.6562255061875,0.757464060549999,1.291279755375,0.509759508053125,2.07911271946875,2.0425058456875,0.96903566084375,0.613362537671875,33030.0344865624,0.0,0.362494269378124,0.426657370306249,7.27679091703125,2.43144037574999,0.30945765876875,3.7224921955,4.21873848125,2.37883134171875,0.093646307938125,0.849281286846874,0.857220761465624,3.47088545575,3.62846363362499,2.46651919896875,0.2346445927375,0.95427085273125,3.48183594631249,4.20973053568749,7.89635840040624,2.02677683506249,0.959210289606249,3.5118301586875,4.24837195909374,0.849825790125,0.795398902156249,4.9876746834375,1.74176098028125,1.0,7.03125,4.31215044865625,4.54154469049999,2.15110856318749,0.98484500684375,0.3621088750375,3.45634992387499,3.18075159193749,0.88442122191875,0.0518519680496874,1.97671173884374,2.362058870625,0.195730295046874,0.041072266997812495,2.3981173113125,2.18345427478124,3.51342242981249,0.960506236296874,0.532858399656249,0.749762369275,0.851452684065625,0.612356660921875,1.971665852125,0.3275724873125,0.833193715656249,0.477566371675,0.581250233587499,0.0176315439709374,0.089167198630625,0.14111814157375,3.41801003371874,0.466049360084375,0.0464799631196874,0.0265133629999999,2.51130112246875,0.584620667609374,0.884269036315624,0.440659581659375,0.0354822311803125,0.2912706490625,0.64395325071875,0.0609403250274999,0.626321896915625
Ninh Bình,44.0199320942105,43.3407172155263,44.6991469755263,0.346520219163157,5.5864210378421,1.20717230268421,0.601887475476315,0.549876081297368,1.58222954865789,0.599291275978947,0.218881060421052,0.727729212281579,0.717320059478947,0.880078408239473,0.66147941035,1.45060702347368,0.371517021405263,0.464472107213157,0.738929886571052,0.903152448592105,0.334886116407894,0.969315902186842,1.34641218805263,0.559247263152631,0.465209783676315,0.713864547652631,0.608464189247368,0.4679964279,5.41068078344736,0.769062315142105,0.125975944671842,0.108130919292631,0.102190005142631,0.101347180781842,0.93293736638421,0.999489596026315,1.81443768723684,0.744403890863158,0.351765930660526,0.314006294855263,1.41806914321052,0.582452811692105,0.126961013391052,0.827423906628947,1.40911163460526,0.192371749960526,0.0565680140936842,0.84958363365,2.26333131921052,0.901613224518421,0.413157900686842,0.528790436294736,4.31575751318421,1.9995076088421,0.241846865710526,0.928876536476315,0.17356247575,0.935026429189473,0.0966908351289473,0.874246278868421,0.0411293173342105,1.0,0.473391899928947,0.201016990344736,0.185223799007894,1.84285795405263,0.923414481326315,0.715835883444736,0.179450593894736,6.90953284847368,1.73264400578947,0.657954424626315,0.606392595321052,0.7125116555,0.233275034297368,0.219616362897368,2.01169643292105,0.645310652902631,0.74358753153421,1.20405606828947,0.520549025971052,1.63750408842105,1.96113616247368,0.960030413002631,0.541930341397368,32390.1415510526,0.05285920205,0.507491320376315,0.374933961578947,7.29947066321052,2.41675835539473,0.289376227507894,3.78462891836842,4.18872312494736,2.32949662202631,0.111208762307105,0.854069482344736,0.846190052599999,3.51289811265789,3.719611444,2.55321561663157,0.24287880605,0.995126708552631,3.69997746073684,4.32157744857894,7.57118188692105,1.96930180705263,0.967404175747368,3.55719697494736,4.26172970473684,0.830727203878947,0.746762407436842,4.04312084215789,1.64252863444736,1.0,8.0,4.19439683473684,4.74279766331578,1.95910599381578,0.9963197661,0.2959169424,3.38659128363157,2.78261731826315,0.598783398144736,0.233084820992105,2.00024523892105,2.42866002244736,0.1910473069,0.0358789124905263,2.4185349565,2.25111825207894,3.54002774386842,1.08202207078947,0.62075024998421,0.759563902463158,0.866900996155263,0.562893677689473,2.01086653815789,0.293380421610526,0.876036962405263,0.508115882160526,0.447139031794736,0.0128797761080263,0.0532616147971052,0.0476642935658947,3.38685923478947,0.446461218768421,0.0401485380955263,0.0257698289921052,2.50784065839473,0.61078960328421,0.855769751876315,0.432557410289473,0.0327869009389473,0.186271146339473,0.666263062707894,0.0461746354728947,0.701010377760526
Thanh Hóa,44.87075043,44.52917099,45.21232986,0.1742668301,5.688567638,1.143213034,0.6201788187,0.4838777483,1.674947858,0.6201788187,0.1913349181,0.8109942079,0.7852841616,0.8762522936,0.6312071681,1.526343346,0.4442780912,0.5420740247,0.730009377,0.8841721416,0.2534789443,0.9466603994,1.344063401,0.3815988004,0.5516713858,0.8149536848,0.6509383321,0.5235924721,5.465581894,0.7933470607,0.1331707686,0.1152016893,0.110067673,0.110067673,0.9777172804,1.0,1.882686496,0.7151902914,0.3208874166,0.2222740948,1.473728299,0.6247816682,0.1456060261,0.8653674722,1.315820098,0.1659464687,0.04163547233,0.9315807819,2.441503286,0.9090280533,0.07804253697,0.4676307142,4.484826565,1.879303336,0.2281180322,0.8974884152,0.1514214873,0.8776106238,0.09382063895,0.8905566931,0.05447052419,0.8114936352,0.52437675,0.276327908,0.2472458333,2.081146479,0.9398321509,0.9401137829,0.03164909035,7.291342258,1.866125107,0.7479339242,0.6677932739,0.7391062379,0.2252693623,0.1830705702,2.097083807,0.7142811418,0.7638992667,1.249209285,0.5557540059,1.662160158,2.078923702,0.9845979214,0.6176118255,26639.92969,0.0,0.4572292864,0.6066596508,7.246796131,2.446967125,0.2284227312,3.916313887,4.444354057,2.285837412,0.1539884955,0.8366498351,0.7944710851,3.275867701,3.756676435,2.513991117,0.1796585917,1.0,3.657081604,4.345256805,7.467449665,2.026193619,0.9401137829,3.621583462,4.273538113,0.7782068253,0.7448611856,5.848997116,1.471292496,1.0,10.0,4.390862942,5.212630749,1.969268084,0.9922989607,0.2549147606,3.340784788,2.590047121,0.4709142745,0.05162185803,2.000695467,2.437353849,0.2129810303,0.01854919672,2.384752035,2.253989935,3.93990612,1.171436071,0.6738044024,0.7522229552,0.8377321362,0.6497215629,2.213029623,0.324224025,0.916447401,0.6390249729,0.5554402471,0.02053608,0.08524253964,0.1163283139,3.286281347,0.4232150912,0.03393444419,0.02053608,2.481074572,0.6210559011,0.8274791241,0.3819918931,0.01596537232,0.2757324874,0.6424369812,0.03819138929,0.5120609999
Nghệ An,43.06988907,42.40067291,43.73910522,0.3414182365,5.318381786,1.099678397,0.580817163,0.4648611546,1.528960824,0.7123010755,0.2003189325,0.7079676986,0.5956529975,0.8930951953,0.6787132621,1.585373163,0.4729325771,0.6338371038,0.7422053218,0.8648707867,0.2681975365,0.9118196964,1.1043694020000001,0.4079178274,0.3223976493,0.7351972461,0.5985800624,0.4068088531,5.258818626,0.7372246385,0.1217400953,0.08830236644,0.08830236644,0.08528529853,0.9316651225,0.9972903728,1.845558643,0.7683380246,0.3644736111,0.285446763,1.40158689,0.5306993723,0.2037586421,0.7934529185,1.274448276,0.1108442023,0.0493879728,0.9451361299,2.284165382,0.8728981018,0.1605927199,0.4298861623,4.282999039,1.965119958,0.3108556867,0.9296537638,0.1850641519,0.8233447671,0.1325785518,0.9165430665,0.06053388119,0.820952177,0.547804594,0.3114131689,0.2752658129,1.770074487,0.8867536187,0.6789782047,0.1409574151,6.899291992,1.769673467,0.6777483821,0.6433883309,0.7050945759,0.281049937,0.2725561857,2.015239,0.6506522298,0.7506005168,1.163023353,0.5457273126,1.32924521,1.951356173,0.9523993134,0.4792741537,24300.04102,0.05692384392,0.4028320909,0.5827634931,7.158685684,2.403849363,0.3340585828,3.748975277,3.981763363,2.241919756,0.1096718386,0.7565169334,0.7939373255,3.442438602,3.766259193,2.512916565,0.2978650928,0.9523809552,3.567290068,4.167380333,7.277576447,1.98632586,0.9458076954,3.591963768,4.185364723,0.8541808128,0.8283258677,3.599486589,1.427535057,1.0,10.0,4.027621746,5.150772095,1.921102285,0.9972903728,0.2873915136,3.242041349,2.508883715,0.4740272164,0.1029653773,1.942613482,2.297615051,0.1761021167,0.041309537890000005,2.321959019,2.104876518,3.792156458,1.139767647,0.6710419059,0.6659875512,0.7860668898,0.6042986512,2.053513288,0.2952128947,0.8635969162,0.5613700747,0.5988756418,0.04606345668,0.1110942215,0.1083846018,3.081977129,0.4408295155,0.0590540655,0.01114591025,2.2147789,0.5986120701,0.6705993414,0.4263687134,0.03072811663,0.2145393491,0.6951784492,0.04039420933,0.5796192884
Hà Tĩnh,45.55308533,44.70790482,46.39826584,0.4311911166,5.841213226,1.261378884,0.7006232738,0.5486918688,1.521315575,0.6910902858,0.2805607617,0.6619997621,0.6217256188,0.9483489394,0.5966343284,1.546060562,0.4938941002,0.5461059213,0.7042741179,0.9164355397,0.287491411,0.9394779801,1.512457967,0.6269039512,0.6234331727,0.8733208179,0.7346228957,0.4773442447,5.955793858,0.8236202002,0.1552960128,0.1355763972,0.1355763972,0.1291901022,0.9958638549,1.0,2.035574198,0.8338316083,0.2662346363,0.1909477711,1.543204427,0.6905295253,0.1697192937,0.8672742844,1.553395152,0.2578194439,0.07943923771,1.0,2.322636604,0.8683489561,0.7392598391,0.5325546861,4.564269543,2.109903574,0.3216823041,0.958551228,0.1691901088,0.9933711886,0.1391588598,1.0,0.07831770927,1.0,0.5144799948,0.2527725697,0.2441432327,1.939886093,0.9449843764,0.7922742963,0.09052950889,7.18927145,1.834789753,0.7541744709,0.6283489466,0.7305294871,0.2574765682,0.1780373305,2.050163507,0.6585980654,0.7555139065,1.254418135,0.5694079995,1.617040753,2.049900055,0.9861059189,0.6255451441,34228.31641,0.0,0.4775018394,0.5809650421,7.358854294,2.440361261,0.2841432393,3.834681988,4.236597061,2.436444283,0.1483489573,0.7763491869,0.906078577,3.859512806,3.910121918,2.482048988,0.1908098906,0.9487179518,3.812081099,4.336643219,7.511995792,2.191449642,0.9797196388,3.647074461,4.144298077,0.9502491355,0.9925780892,6.38218689,1.468640089,1.0,10.0,4.293391705,5.459582806,1.924936295,0.9936137199,0.2903116345,3.461308956,2.17227602,0.5210286379,0.1213394031,1.926969767,2.242025137,0.08694704622,0.02554513693,2.330872297,2.08258605,3.723242283,1.107447982,0.6355139017,0.7844235897,0.9531143308,0.6947689652,2.164703846,0.2980373204,0.9355763793,0.5977569222,0.4510902762,0.01915885322,0.025545137,0.0730529502,3.408445597,0.5400437117,0.08526475728,0.02834895998,2.41584754,0.6634271145,0.7411840558,0.4525543451,0.03943923488,0.3117135465,0.6583802104,0.08785070479,0.9114370346
Quảng Trị,44.2171311387499,43.59658241125,44.83767986625,0.316589893775,5.4795593026875,1.2154469639375,0.720294360075,0.49802790020625,1.5359656959375,0.709034830343749,0.17802773325625,0.727533318112499,0.575035553424999,0.925515212125,0.674226198325,1.54333086324999,0.529858309731249,0.636784669049999,0.783702123881249,0.86332007125625,0.288533939056249,0.963657930474999,1.184815757375,0.47583374569375,0.4061233122,0.852688789406249,0.618511095643749,0.382356908175,5.60400864475,0.90323544665625,0.22201790006875,0.1805953364625,0.16632225548125,0.173025696531249,1.0,1.0,1.8306682185,0.71934667970625,0.34592467170625,0.254608795018749,1.46626115574999,0.6258868463375,0.168527091818749,0.823257937993749,1.4038438723125,0.1907429863,0.0652601423206249,0.851334106149999,2.40814052568749,0.869399167593749,0.361496997999999,0.49000674671875,4.41448724287499,1.8665233776875,0.2520055947625,0.8848434798625,0.150257703837499,0.8931041993,0.0904174279593749,0.95060100035,0.035328496479375,0.627456259,0.59514252465,0.381419230268749,0.332769347374999,1.95282149299999,0.920210301887499,0.830114390693749,0.119957282221875,7.0032700896875,1.844250552375,0.78997124359375,0.6260406822125,0.709655489787499,0.19991934393125,0.22885365600625,2.05774824343749,0.6637133657875,0.778238162374999,1.15688204018749,0.512323197,1.4689709540625,1.9443892170625,0.96837954966875,0.45972340181875,30338.6433118749,0.0,0.508401619306249,0.4931971654,6.9099610744375,2.246406122875,0.2207397352625,3.69004639968749,3.92173568912499,2.22072386775,0.124668050537499,0.7498083747875,0.83604610336875,3.26776285437499,3.46359285749999,2.442830950375,0.23623993060625,0.9575471692,3.6233997045625,4.05589476224999,7.70965147,2.04030655324999,0.977353092312499,3.543559208375,4.1958589850625,0.807142637674999,0.845575645543749,4.6925355193125,1.75898500525,1.0,7.1875,4.392212093,4.74839583037499,1.951231419875,0.9869176447,0.4019118342625,3.24976556018749,2.66480791599999,0.534039216093749,0.0,1.95912852868749,2.33197607093749,0.213311658231249,0.046868041456874995,2.345516473,2.1363091318125,3.58004689218749,1.081461914125,0.613365858787499,0.70744902640625,0.82059465718125,0.62184754383125,1.9454131720625,0.214947707025,0.9338460154875,0.46328612418125,0.55317177065625,0.013357633783125,0.0851622652099999,0.121318534965624,3.51614521468749,0.479885706681249,0.0545403808343749,0.0284298626924999,2.58410458256249,0.723514750575,0.7944007776875,0.452154973549999,0.039306385911875,0.278215434412499,0.5685107298125,0.0670446264537499,0.534350447374999
Thừa Thiên-Huế,45.095047,44.52157974,45.66851425,0.2925703228,5.389177799,1.200833678,0.6748777032,0.5077466965,1.632520676,0.6097445488,0.1148070097,0.7975592613,0.7345956564,0.8934493065,0.7214747667,1.491321802,0.47536695,0.5252786279,0.8837188482,0.8274161816,0.5452314615,0.8823740482,1.064501405,0.5719900727,0.2355561405,0.8281148076,0.5328180194,0.3085287809,5.505286217,0.869607687,0.2084126323,0.157991305,0.1526569724,0.157991305,0.9662365317,0.9946656823,1.822047234,0.6779356003,0.3439957201,0.2355044782,1.446833253,0.5273172259,0.1736468971,0.8841494918,1.366797924,0.2767396271,0.06832699478,0.9219293594,2.378146172,0.8721119761,0.1133004576,0.4714256525,4.302932262,1.886078238,0.2971135676,0.9289439917,0.2138684988,0.8155246973,0.1432621777,0.9082021713,0.03683066368,0.6900296211,0.4872943759,0.2225129306,0.2011756152,1.929559708,0.927867651,0.7989603281,0.1177290007,7.224678993,1.788019896,0.7176882625,0.6652283072,0.6677765846,0.1967246532,0.2025686353,2.149488688,0.7733079791,0.7908399105,1.284830332,0.5936056376,1.631217837,2.00233984,0.968503654,0.6018619537,40128.22656,0.0,0.4253045619,0.4214527607,7.185606956,2.375209332,0.2192314267,3.936261892,4.206762314,2.296477318,0.1299266219,0.7665666938,0.7126045823,3.79471755,3.957185745,2.513920307,0.2311429828,0.980392158,3.759371042,4.230986118,8.13743782,2.117727757,0.9874286652,3.661449671,4.511236191,0.8333786726,0.8167219758,5.763857365,1.914337277,1.0,6.0,4.337646008,5.072155952,2.120705605,0.9869189858,0.4766240716,3.454777002,2.80667758,0.9573253393,0.0,1.984667182,2.448321581,0.1822506189,0.07658331871,2.364365339,2.218078375,4.038477421,1.145866394,0.6764066219,0.6783093214,0.9047800899,0.6105662584,2.140549898,0.2485390007,0.968503654,0.5901739597,0.7520612478,0.04749932513,0.1793286353,0.1918999851,3.311449051,0.5174666643,0.03924300149,0.02908399329,2.429444551,0.5915669799,0.8222002983,0.3645379543,0.0101590082,0.3168660104,0.7326719165,0.1211606488,0.4432393312
Đà Nẵng,42.0294198982142,41.0547748289285,43.0040649675,0.497242267664285,4.55824351292857,1.07452529885714,0.600857715514285,0.432482528864285,1.32371981642857,0.39277526415,0.156435318814285,0.658185988653571,0.596277741421428,0.838467578796428,0.626763205428571,1.36661602367857,0.435917977792857,0.514780346853571,0.66464894585,0.755446668210714,0.466959266233928,0.957899825917857,0.793382227414285,0.363005776521428,0.191827048182142,0.506634976192857,0.376335492096428,0.17246743745,4.93528257085714,0.815174937242857,0.148512934744642,0.127807790926785,0.1210419612625,0.124283386926785,0.983200750185714,1.0,1.61929378742857,0.503117218582142,0.374771894092857,0.324733191264285,1.26203704717857,0.421034854439285,0.184158573696428,0.694805647628571,1.23877680292857,0.142176867614285,0.0360463939517857,0.782118733428571,2.19012795189285,0.843294924885714,0.108612086624999,0.421211147960714,4.166791473,1.84715073435714,0.263115023928571,0.860324514775,0.147554192160714,0.833929777146428,0.0696800423003571,0.888496603260714,0.0371957578285714,0.837569317642857,0.487888262735714,0.235474736571428,0.189813466489285,1.83175252589285,0.881869807846428,0.746163021257143,0.152522414389285,6.67888232646428,1.61964528882142,0.645557324789285,0.571171366742857,0.6094650243,0.210758386414285,0.22433486955,1.98575077321428,0.694769486810714,0.669961501417857,1.10455545782142,0.498014787467857,1.30795042414285,1.96893087885714,0.949603389382143,0.610284909571428,33629.7041032142,0.128530484525,0.549783246828571,0.423816178542857,7.01942433628571,2.34079898285714,0.214618091071428,3.84678038528571,4.24505427878571,2.16682277825,0.0857881106717857,0.5850243004,0.813136796889285,3.54013653289285,3.57647267410714,2.51180274989285,0.256185400685714,0.970535706221428,3.62229590778571,4.15451531739285,7.96694857707142,1.96905456696428,0.971272794271428,3.58086131292857,4.01522942932142,0.749987374492857,0.703498942514285,5.12184013646428,1.97203746028571,1.0,5.0,4.11409366132142,4.54085375578571,2.04624657139285,0.983317556110714,0.466982988375,3.31607822021428,3.24272510821428,0.690926593332142,0.0,1.97960999642857,2.35524170757142,0.137665554346428,0.0420989554296428,2.44833081103571,2.18327841596428,3.40538993889285,0.985387433882142,0.551677269614285,0.650280113746428,0.784110861185714,0.584564404821428,1.83313192592857,0.164725729378571,0.879760026928571,0.455312826814285,0.586870560714285,0.0456388321285714,0.0887066816210714,0.119191708418214,3.29845648185714,0.437189041485714,0.0284840954203571,0.00781352498660714,2.40764271396428,0.62237049,0.776715499996428,0.453624839228571,0.0397953598625,0.259416067164285,0.509614843360714,0.0662633957839285,0.791940412364285
Quảng Ngãi,42.1972455489473,40.942641608421,43.4518494857894,0.640070363094736,4.69524586821052,0.9582660326,0.597785824268421,0.33067689758421,1.28048954536842,0.394515975521052,0.1216849579,0.606463695852631,0.564086650536842,0.845639890742105,0.720164851105263,1.45007257073684,0.369185184142105,0.450304986631578,0.7524227155,0.844276017247368,0.330454514226315,0.9157468896,1.00641755678947,0.392072354505263,0.426646754978947,0.571658388547368,0.437142340773684,0.255600381047368,5.15777228978947,0.8374801717,0.167943167042105,0.134332187847368,0.130006304670526,0.134332187847368,1.0,1.0,1.63708868142105,0.570570732415789,0.401306210394736,0.315017640626315,1.26011702852631,0.353045360021052,0.2615986749,0.7519699335,1.42308621031578,0.154995902589473,0.0522261258021052,0.775443114736842,2.16100109242105,0.850115365115789,0.720779124052631,0.4240526714,4.23221821536842,1.9719731178421,0.247587854894736,0.891108337231578,0.177975946356842,0.888606404005263,0.107374943383157,0.943374608705263,0.0450200809052631,0.908522800410526,0.494806794710526,0.242461344142105,0.201462654663157,1.76543848131578,0.831766539505263,0.729282347789473,0.100318922428421,6.79804315063158,1.682941782,0.656300325163158,0.622453821342105,0.631834961857894,0.222699446921052,0.186149229342105,2.01804070747368,0.686750857457894,0.69940450628421,1.15403741878947,0.553176986542105,1.25205922131578,1.94302300399999,0.971232307594736,0.4341465313,26514.955898421,0.0,0.458688202647368,0.374603834605263,7.15845818268421,2.38032378642105,0.237683827921052,3.84442853926315,4.24127809631578,2.33252925652631,0.0932859253031579,0.810023248215789,0.840004641768421,3.52534538836842,3.7800770308421,2.44560522810526,0.219347731842105,0.984795322542105,3.43431568142105,4.21564245215789,7.55501995589473,1.91399327047368,0.929349419331579,3.54590999436842,4.10462690621052,0.761617898957894,0.734299954615789,4.00109038821052,1.96230294210526,1.0,5.0,4.10107828421052,4.58083172868421,1.73503475457894,0.988059740321052,0.254749527857894,3.11033203742105,1.76376081178947,0.0822473478268421,0.00283224224510526,1.94368890731578,2.31747703805263,0.125591765138947,0.045424724377894694,2.35576942078947,2.07285873494736,3.59315859668421,1.01877414521052,0.580511328415789,0.611364232894736,0.810316136031578,0.58993740768421,2.00183543373684,0.239122312363157,0.895096076178947,0.534283681905263,0.572549095273684,0.0246107580257894,0.0781240455431579,0.136480956505263,3.00732815857894,0.497835924705263,0.0555550614847368,0.0298357703021052,2.06467496742105,0.506958530126315,0.661172735089473,0.444817295163157,0.0368653669157894,0.233161669042105,0.481912396442105,0.0788507026315789,0.614700289168421
Khánh Hòa,44.4145441536842,42.9160385136842,45.9130498005263,0.764502823447368,4.57148838078947,1.19222502947368,0.669126893310526,0.502969901847368,1.34048927447368,0.354757697968421,0.146889843468421,0.623800716915789,0.632792165405263,0.831171550242105,0.760618718068421,1.33045648252631,0.337188865026315,0.380377626747368,0.857515793094737,0.628620753189473,0.442660151347368,0.920513212689473,0.708317718921052,0.238152136115789,0.204035442121052,0.375344053657894,0.264176280878947,0.153038383691052,5.46389567215789,0.888690145431578,0.199172548536842,0.175176643247368,0.169601508636842,0.166014088573684,0.988878918326315,0.992549739415789,1.78248935578947,0.580866719568421,0.300697080431578,0.252153104857894,1.45656332210526,0.439106420463157,0.266670939168421,0.891786609847368,1.3361527478421,0.258540218578947,0.049051427328421,0.801422517578947,2.25939854815789,0.853176258089473,0.185543422631578,0.532623510626315,4.36841651015789,2.09089108531578,0.353103771005263,0.901021932310526,0.197278868221052,0.945725585273684,0.115146116973684,0.986830203147368,0.0695956516042105,1.0,0.463427970273684,0.187869671931578,0.171532256810526,1.81409754873684,0.881128806821052,0.729070697973684,0.123296376931578,7.31380954531579,1.83169695557894,0.731272888794737,0.67951974428421,0.698136662157894,0.159628728478947,0.186938642657894,2.11795124215789,0.74809590768421,0.759850605510526,1.35869207521052,0.631807678594737,1.76848185668421,2.00546930926315,0.982655189521052,0.560688567831578,33085.205178421,0.0,0.468120123168421,0.479041690894736,7.24251242673684,2.38468444973684,0.172438597178947,3.89533261273684,4.41936919610526,2.43831738694736,0.122132018194736,0.826210301189473,0.885096866847368,3.66231137805263,4.02009487131579,2.41951042721052,0.233654484157894,0.995215315568421,2.97014852568421,4.27258569342105,8.13060941178947,1.99352344731578,0.937829507047368,3.65567178447368,4.29249093421052,0.762550940647368,0.7468735074,4.94036232831578,2.03093262721052,1.0,5.0,4.23904958505263,5.24365397510526,2.136586051,0.991955459163158,0.359460324063157,3.14553760215789,3.1635400618421,0.892039521731579,0.0,1.96956739931578,2.38821525305263,0.116447563240526,0.11884411211157801,2.36671881952631,2.23656457347368,3.83454020415789,1.13822752547368,0.660448623373684,0.658425127189473,0.848857352626315,0.667528196394736,2.15622506668421,0.2589393274,0.949067231878947,0.614885104305263,0.540087630857894,0.018508227838421,0.0742107441710526,0.114035299336842,3.48927236826315,0.499779832968421,0.049229197598421,0.0359907384589473,2.56315990463157,0.631529713947368,0.872281752147368,0.426332671378947,0.0307161318852631,0.314308921010526,0.636119751531579,0.0859600701605263,0.492478568257894
Gia Lai,42.3417966296774,41.4399151987096,43.2436780654838,0.460119241196774,4.67517846606451,1.0563469972258,0.643388532790322,0.395058588619354,1.26667340341935,0.422968519319354,0.0673816146364516,0.605907918935483,0.544716267835484,0.834364418058064,0.766137655670967,1.27422650016129,0.376342897438709,0.447597484464516,0.711419090167742,0.6661883833,0.548777818683871,0.933583001967741,1.07793168525806,0.441328000635483,0.409797560793548,0.610075419964516,0.43335561212258,0.258965166341935,5.27700868719354,0.789786329229032,0.129876759754838,0.112247203632903,0.105869504232258,0.105804876471612,0.980573769516129,0.999368359948387,1.73339435335483,0.627333214216129,0.375846280216129,0.2842563814,1.362810412,0.396161482235483,0.247259365893548,0.833218093877419,1.39101771,0.214873869574193,0.0633470339164516,0.965952673241935,2.43067972916129,0.827304809335483,0.320740701709677,0.429963759832258,4.14876787151612,1.90647814367741,0.184925788332258,0.912936193309677,0.135921002877419,0.908529316238709,0.0734536602106451,0.913380595935483,0.0256879374709677,0.907699506129032,0.482646558509677,0.225399279832258,0.18576987422258,1.75964304712903,0.848428245493548,0.706766716893548,0.116086100406451,6.90863878499999,1.7110255728387,0.670584232545161,0.609036359112903,0.668413485296774,0.156373458996774,0.16004422016129,2.08007603277419,0.733025585435483,0.733925284880645,1.19760254470967,0.562807569574193,1.39752924454838,1.91993463803225,0.973150534009677,0.441864305916129,32560.992248387,0.0,0.465124038435483,0.372835373667741,6.91913171,2.29426583180645,0.172627125570967,3.73319845796774,4.21168605712903,2.1730328302258,0.0939465323596774,0.806736673087096,0.862845907280645,2.96643058754838,3.12727137512903,2.45183292512903,0.175537110838709,0.989919364435483,3.48550908787096,4.21252616783871,7.65605205074193,1.89470762629032,0.934004525951613,3.54075591812903,4.20173528135483,0.770181111712903,0.659706129148387,3.69302611187096,1.98571460496774,1.0,5.0,4.12791515158064,5.03476307445161,1.83058992096774,0.996182682080645,0.45106717078387,3.35863137245161,2.38248489712903,0.32018878482258,0.0343318677729032,1.94504007993548,2.3148426622258,0.0986571540045161,0.0478980285090322,2.31167611741935,2.1490605572258,3.63521097551612,1.0888995588,0.624332072270967,0.602016531648387,0.768743834177419,0.654910581732258,2.02516119674193,0.254471564974193,0.908352284690322,0.52900407002258,0.521150160212903,0.02772916463,0.0776275454193548,0.082460111408387,3.1218069136129,0.454946650625806,0.0387634650580645,0.0159411108888387,2.23937998270967,0.564317041812903,0.721460673109677,0.427480503445161,0.0310979748674193,0.2522451291,0.535927537974193,0.0638904124451612,0.816412873806451
Đắk Lắk,42.2575080021428,41.7950345414285,42.7199814628571,0.235943562717857,4.61914551228571,1.00048720407142,0.583039013428571,0.375580246921428,1.26881889771428,0.412779147046428,0.137215270535714,0.622174260889285,0.572115334035714,0.820266138267857,0.643175684996428,1.45810045096428,0.407442096064285,0.496521669871428,0.702650042496428,0.791487964121428,0.320612624832142,0.909974155667857,0.891738955442857,0.399762649642857,0.252991482614285,0.537698297642857,0.347917937303571,0.216439119960714,5.07512491067857,0.807702607353571,0.147242431160714,0.1285832173,0.118777099717857,0.126606036485714,0.95374827085,1.0,1.60757708992857,0.585015386335714,0.422004127075,0.363407186114285,1.33462628296428,0.458213989210714,0.166468410632142,0.797510758057142,1.32521919267857,0.244107091542857,0.0435156150325,0.915992198232143,2.31959593285714,0.795069187896428,0.207497709010714,0.480664280946428,4.26558715978571,1.99093709714285,0.199349001546428,0.974241923017857,0.122459551055,0.947604447603571,0.076790049285,1.0,0.0282440408375,0.95599702,0.477402842467857,0.212967599635714,0.184077047889285,1.79724726467857,0.88458732405,0.708591674057143,0.129957170903928,7.04235013889285,1.73616677935714,0.694417331882142,0.633882552357142,0.653255813882142,0.269366286146428,0.219515977128571,2.05815354407142,0.708744709003571,0.740256430846428,1.26368047532142,0.543650135417857,1.78699594714285,1.98434922082142,0.961870253057142,0.514755212839285,29992.3323082142,0.0,0.371035889864285,0.32049048585,7.21254292553571,2.41629566496428,0.304716166107142,3.78701308821428,4.11630802503571,2.30853374960714,0.211470883041428,0.788287362853571,0.821431717735714,3.25873592071428,3.64397756503571,2.48771347339285,0.231715867528571,0.949891782228571,3.64090492882142,4.26675522325,7.26156716696428,1.97038685399999,0.938334899271428,3.59982957996428,4.2863081865,0.725439750728571,0.746014284235714,5.32712539621428,1.44120807307142,1.0,10.0,4.28420037889285,4.89078429757142,1.88090183892857,0.982293797403571,0.378709757939285,3.34591669710714,2.41005170328571,0.359933097432142,0.0,1.96907028128571,2.36728860685714,0.133844089307857,0.0471471483407142,2.365554324,2.18873477021428,3.44413607485714,1.07354641860714,0.619013398867857,0.7265857692,0.817058103421428,0.641960567639285,1.97005901182142,0.257385594003571,0.935121159475,0.444218950635714,0.400530516007142,0.00197718064617857,0.0205917874796428,0.0446282104314285,3.33705466996428,0.501907923425,0.0635937446342857,0.0333155269690357,2.41959269560714,0.600635570107142,0.806497578114285,0.415554222271428,0.0271304869721428,0.270120688878571,0.575116734392857,0.0792417017982143,0.45061756245
Lâm Đồng,43.2546799611764,41.0705133332352,45.4388465870588,1.11431180890588,5.0529883327647,1.05090036979117,0.608785517067646,0.407518687499999,1.38770311370588,0.361569661417647,0.103714566678823,0.677508089502941,0.685457734520588,0.865521092614705,0.677407220894117,1.49306557123529,0.454124186861764,0.590516618058823,0.871850203085294,0.728001333329411,0.433975395929411,0.910535884232352,1.12131924124117,0.532112300402941,0.346972849405882,0.671509642838235,0.42878769862647,0.30920420017647,5.2742156982647,0.885497598111764,0.209232989897058,0.176280029135294,0.167361537573529,0.168870799929411,0.958583667020588,0.992600232352941,1.55276773967647,0.496925343479411,0.441407250982352,0.348601228173529,1.44853834879411,0.401785935544117,0.355701869044117,0.821212600261764,1.38741208173529,0.25260016497647,0.093725322647647,0.908698018888235,2.26552731849999,0.808264755179411,0.260084404261764,0.51846174895,4.33315159285294,2.08753828094117,0.32920848755,0.969646606379411,0.209025023188235,0.965268596114705,0.121060483470882,0.972396256299999,0.0560451905935294,0.969321960917647,0.470328475647058,0.197248021035294,0.180741143141176,1.77528472511764,0.860749833685294,0.71024475202647,0.119187889070294,6.78376743341176,1.60509574055882,0.63162713892647,0.557088901873529,0.618078317670588,0.223962167194117,0.207551260629411,2.01613445811764,0.671156252123529,0.70905358475,1.25050224608823,0.544668345761764,1.72333474382352,1.91203496044117,0.974636109429411,0.503084958441176,34854.3635682352,0.0154685855799999,0.610539662467646,0.542465470294117,7.18721033532352,2.42479694591176,0.251771368538235,3.93388718723529,4.23298466929411,2.31547121458823,0.143706575461764,0.773639494849999,0.811360161105882,3.56645804285294,3.76589071794117,2.44694212620588,0.225909685802941,0.965334962399999,3.37723634529411,4.18383738599999,7.70425308455882,1.97638987794117,0.893306584908823,3.56399909188235,4.37736373805882,0.736580501555882,0.711638540017646,5.8303637787647,1.89037327935294,1.20588235294117,5.41176470588235,4.24743948258823,5.30386156167647,1.92550550141176,0.975518386164705,0.227344978802941,3.21846694147058,2.29309042088235,0.414593707997058,0.0099568130356647,1.91198459097058,2.25154573061764,0.0788864907488235,0.08864053754235289,2.32942012473529,2.01553457608823,3.45797458829411,1.04286306390882,0.581406079667647,0.638719958438235,0.854652906164705,0.667424122188235,1.94375244273529,0.255895029970588,0.898692765641176,0.455831298049999,0.471359060097058,0.00984701021294117,0.0529077383961764,0.0752709722714705,3.46111824935294,0.549155098561764,0.0828566141623529,0.0277544924579411,2.44273692002941,0.653390954502941,0.769327472229411,0.469226453264705,0.044985515612647,0.345056530311764,0.525560794497058,0.105896438079999,0.454270316402941
Tây Ninh,44.3139480579999,41.74923172,46.878664396,1.3084599732,4.9704530714,1.05917967544,0.693286597759999,0.37262749672,1.2599610328,0.29410873056,0.0809234544679999,0.65511957406,0.59555244446,0.86372866632,0.65804656746,1.33300397419999,0.27923515736,0.29642204936,0.9522613168,0.4995001793,0.308179700376,0.891436028479999,1.31830820999999,0.59506810902,0.42812201378,0.72247456308,0.55145111086,0.386095833779999,5.50119028059999,0.868568956819999,0.182875818,0.1568127632,0.15649029016,0.15333836824,1.0,1.0,1.76975371819999,0.489921695,0.26964059476,0.174440255732,1.4380290508,0.38088605406,0.33080434206,0.895410394659999,1.4248386862,0.30137913824,0.069646650554,0.95636467936,2.106874132,0.764324307399999,0.41404435038,0.52631137374,4.3485998152,2.07644472139999,0.29803667664,0.951968228779999,0.226147210619999,0.94520910976,0.13204827754,0.97163127658,0.052987126262,1.0,0.437958365699999,0.15085730256,0.139939625559999,1.834196639,0.82853919268,0.801962411399999,0.0723712697639999,7.5080203056,1.8156831742,0.69132723806,0.69160460234,0.7046457648,0.21993135508,0.1860020697,2.1585089686,0.78952472208,0.77122436762,1.5018521548,0.6555534601,2.2860202072,2.0319759372,0.9839296579,0.60923644304,34638.069534,0.0,0.5301841855,0.3311485618,7.350966835,2.4150525092,0.22504301074,3.9250468256,4.332074356,2.477157307,0.19466772378,0.8431616187,0.903347766419999,3.6508899688,4.15262146,2.4587570188,0.17345507148,0.93282601834,3.6929523466,4.3369343756,7.1439212802,1.8539257768,0.8941572547,3.5702277662,4.4134966852,0.6587455869,0.67504489426,4.6366314888,1.388623059,1.59999999999999,8.0,4.1609350204,4.3743484494,1.9576185222,0.9969120264,0.161737634258,3.3075507164,2.3509734628,0.36135711078,0.0034482792018,1.9437540532,2.3401031972,0.0892673909639999,0.105711484896,2.3535679818,2.128629923,3.7430773262,1.147753644,0.67306702136,0.6039192319,0.81835155488,0.58818463088,2.0021914244,0.207265627399999,0.959594523919999,0.50199795368,0.593132317019999,0.0090954449056,0.09203754368,0.158665981888,3.7477195742,0.56298927072,0.069722530622,0.0167937009581999,2.7402147296,0.74009202718,0.88294819596,0.44451563362,0.036765016616,0.29135066272,0.466038525119999,0.152287876619999,0.38120503422
Đồng Nai,41.7767830737777,40.9952075522222,42.5583585953333,0.398741226693333,4.55212601575555,1.03159023506666,0.583807652511111,0.402843040895555,1.205145478,0.344974639702222,0.121800349799999,0.601286791426666,0.589347117482222,0.708340573335555,0.674399300404444,1.3198548184,0.285646623391111,0.319912683304444,0.7677332401,0.581011252902222,0.216250450073777,0.891384947324444,0.995535482311111,0.371649072533333,0.335764088248888,0.609679803608888,0.414708188517777,0.288287381957777,4.90209853926666,0.832365560511111,0.161850567333333,0.142059875842222,0.136609349684444,0.13350887266,0.978092103571111,0.996901573048888,1.53280916713333,0.386814829368888,0.360807063873333,0.319304448395555,1.24387415515555,0.272606012542222,0.240227541317777,0.788659796468889,1.29304958197777,0.1573454075,0.0296345303882222,0.892735119688889,2.23155198648888,0.778494861411111,0.296745456935555,0.486482702362222,4.27600362597777,1.95321086535555,0.206439073557777,0.938925193397777,0.179605123355555,0.911755987024444,0.0834044723044444,0.982619248506666,0.0343335390097777,0.856912619573333,0.418271536277777,0.13128706416,0.106481370654666,1.90452144955555,0.859159878886666,0.842376812279999,0.0813971064199999,6.68042846239999,1.52556330111111,0.590525431088888,0.556782721191111,0.553442925866666,0.22196779186,0.164693627748888,1.99246830177777,0.665492110806666,0.690353598895555,1.19652783068888,0.519481145022222,1.60938458711111,1.96586884875555,0.967445389444444,0.491599638591111,30551.9296453333,0.0,0.548614455586666,0.469653107082222,7.13214746064444,2.35138936551111,0.246294569291111,3.77427016871111,4.10301948146666,2.337527768,0.123955427608888,0.765594788353333,0.872679183235555,3.48222166157777,4.04831489417777,2.44323020524444,0.169671875268888,0.948427510251111,3.63578700473333,4.25874606262222,7.45361404393333,1.78237051162222,0.87948844304,3.64571050024444,4.14430099062222,0.613311657668889,0.643856902886666,3.16114989911111,1.72611722184444,1.0,7.0,4.21339760864444,4.33945769235555,2.03372722235555,0.996376812471111,0.211080487935555,3.41125007231111,2.37139673731111,0.577891404715555,0.00620094152822222,1.9113991182,2.27190805562222,0.121111702628888,0.113276901031111,2.31612837615555,2.0060707514,3.24302247875555,0.959504567215555,0.520794496904444,0.635276302982222,0.784940183164444,0.662389548637777,1.88441862004444,0.240249516535555,0.893010467959999,0.4178253737,0.399099247328888,0.0046517215564,0.0270922711357777,0.034021910112,3.53734282359999,0.475607136873333,0.0513717109977777,0.0245710853522222,2.65243451302222,0.716351519668888,0.847577530815555,0.409301263106666,0.0250503208073333,0.246634746897777,0.488611082282222,0.0813134584075555,0.22566822552
TP. Hồ Chí Minh,43.6027886152205,42.3019605553676,44.9036166820588,0.663653236484558,4.80174965027941,1.18775250557352,0.736354634155882,0.465380433317647,1.17143809807352,0.277266716052205,0.0937310381648529,0.572788395392647,0.608037974503676,0.766609063066176,0.643818278535294,1.46142781555147,0.42623369551397,0.514793436968382,0.784958314344117,0.570777043672058,0.31546317206397,0.801412469346323,0.981131274473529,0.489962971372058,0.308594999070441,0.619271797705882,0.296361006796323,0.203010933435294,5.36991735458088,0.904932304323529,0.217478614655147,0.197409034328676,0.181791927333823,0.185953543036764,0.960390329366176,0.997585205946323,1.68877243944117,0.461160625830147,0.309097924841176,0.24181504486397,1.43225805615441,0.386261415605147,0.345182690986029,0.816708024780147,1.34395449244852,0.205671247536029,0.045050941766397,0.923825518641176,2.2352764166397,0.819618350459558,0.234200629563235,0.537801205706617,4.20874926997794,1.96580349333088,0.250380369670588,0.935636631272058,0.1619290160625,0.929982120097058,0.0629112343998529,0.955013028433823,0.017210719371397,0.885113938352941,0.411313530309558,0.119334069029411,0.0996922638102941,1.83163210069117,0.856429279315441,0.771481888242647,0.109519940854411,7.15955455874999,1.68376074012499,0.685462753967647,0.625698733419117,0.600519465188235,0.215504329070588,0.13132063798897,2.06389644888235,0.745708544881617,0.700720193644852,1.4051012661397,0.591890136574264,2.17433285159558,2.00679588949264,0.97209996426397,0.601775306105147,30807.9639519852,0.0154351094630147,0.482094801755882,0.362777026711029,7.08219994146323,2.39778715883088,0.237408313883823,3.8371988308897,4.2280616161397,2.25650940371323,0.0778920992709558,0.780519060318382,0.82340222026397,3.42474166992647,3.90497730918382,2.42790327720588,0.120563116308455,0.957092110316176,3.68403343973529,4.29271450146323,7.8453714110147,1.79064462816176,0.892116275347058,3.52666443741911,4.21760710563235,0.629472793875,0.573387930955882,3.56538365699264,1.90418620219852,1.0,5.42647058823529,4.16488265291911,4.30628577409558,2.20569335883823,0.990766448578676,0.395930294643382,3.70818808320588,3.35248798631617,0.879337730225,0.000509487853213235,1.94484730074264,2.35163596433823,0.169489007110294,0.0728924169242647,2.31872308448529,2.08665678278676,3.30243742108823,1.07307505636764,0.604535947832353,0.614281061402941,0.804638737717647,0.632666797784558,1.86956128243382,0.217711209127205,0.895344446703676,0.423172304757352,0.359801013035294,0.00131199229947205,0.0096647231625,0.0154909592947058,3.8328101755147,0.540366349200735,0.0665846891839705,0.0249627954019852,2.80017535997058,0.736181412532353,0.927236286153676,0.492268550469852,0.0526508828854411,0.309688166856617,0.467077833324264,0.117664935556249,0.500791107927205
Vĩnh Long,41.6474736548484,40.4222851375757,42.8726621681818,0.625063171121212,4.28294157239393,0.950646559090909,0.545741090296969,0.349926407584848,1.10268284654545,0.305428606081818,0.0602187103930303,0.56072515430606,0.466245787596969,0.775074839593939,0.741990869684848,1.28382669793939,0.298710283018181,0.328351624093939,0.950571432233333,0.486869944760606,0.457492377718181,0.819193155457575,0.945785414066666,0.444676442581818,0.224410586284848,0.698749881812121,0.317532141112121,0.225655291118181,4.88144136184848,0.774698692724242,0.110222850821212,0.0982918577090909,0.0954769249272727,0.0949673571424242,1.0,0.999762430333333,1.61082935342424,0.483581382221212,0.3679262499,0.302338353654545,1.29032701096969,0.261400317630303,0.282789137312121,0.825407747054545,1.20558637190909,0.114839391951515,0.0223529184184848,0.792347087990909,2.15556279851515,0.800385760548484,0.277556117727272,0.414526147387878,4.15381183063636,1.95490433966666,0.274471158333333,0.889499682375757,0.177710405327272,0.876559595254545,0.103695475930303,0.9167534998,0.0273031531375757,0.90849424490909,0.434474380654545,0.149513977915151,0.131898467760606,1.76443298281818,0.837077066745454,0.722956231148484,0.135430437825757,6.942526153,1.66485148130303,0.641046666733333,0.625306133060606,0.620115847284848,0.178609703993939,0.16914022920606,2.03926135554545,0.720258338866666,0.681115349163636,1.29472376387878,0.622865026660606,1.52889153439393,1.94368968218181,0.984308121793939,0.493927878863636,35013.3678990909,0.0,0.492094882493939,0.31385031250909,7.14268311578788,2.35013648939393,0.189375223551515,3.80939500239393,4.2486507530909,2.38369350021212,0.099316306180606,0.800407604727272,0.925883896415151,3.29089962345454,4.02086922612121,2.40885322033333,0.17191572310303,0.923629954024242,3.56519509093939,4.28278820430303,7.43050092639394,1.90088244645454,0.889184677227272,3.54359298045454,4.385573705,0.725094163045454,0.678400828972727,4.32205512290909,1.60243822960606,1.0,7.87878787878787,4.23529804130303,3.44507883884848,2.03166935657575,0.990267392363636,0.245368927296969,3.33333841272727,2.77595426812121,0.6727784764,0.140460233112121,1.8955108360606,2.25115038424242,0.157263470875757,0.06645706537909091,2.22015155418181,1.95439673560606,3.8260542840303,1.11974589748484,0.656808728545454,0.604438133324242,0.819940543551515,0.631056767518182,1.99304042796969,0.174758605418181,0.936445602863636,0.54850294370303,0.713267972872727,0.0299625433426363,0.160136553621212,0.189835544336363,2.9875139970909,0.418301585045454,0.0289583318478787,0.0112135694480909,2.18735931854545,0.502984404575757,0.747762591575757,0.38185324630909,0.0159192460639393,0.275834020381818,0.416729970396969,0.0471791474893939,0.573702009336363
Đồng Tháp,43.83571243,42.02853394,45.64289093,0.9219803214,4.59010458,0.9690349102,0.6099854708,0.3341494501,1.03466332,0.2849776447,0.1028492525,0.4803328216,0.4978979826,0.7726325989,0.624112308,1.250226855,0.3038337231,0.3080529273,0.9326740503,0.5667839646,0.3676846027,0.893524766,1.336179376,0.483272016,0.4792926311,0.6990420222,0.4366986454,0.2901990414,5.206998348,0.8549774885,0.1779091656,0.164965107999999,0.164965107999999,0.1520210654,0.9586359262,1.0,1.628783226,0.4838525057,0.4083642662,0.2815451622,1.34778153899999,0.3565215468,0.2277010977,0.8547739387,1.375455856,0.1364725828,0.03883216903,1.0,2.29484725,0.9475205541,0.5781054497,0.4478331506,4.408047199,2.103098869,0.2774507999,0.9754059911,0.2201392353,0.9967660904,0.1261329502,1.0,0.02746259794,1.0,0.4507365227,0.1656683087,0.1595478952,1.854211688,0.8604281545,0.7902906537,0.0837847664999999,7.280376434,1.762657642,0.7017918825,0.6766069531,0.6384779811,0.215334937,0.2064017057,2.036436081,0.6916606426,0.690957427,1.48506236099999,0.674002528199999,2.119153261,1.996220589,0.9992967844,0.5676372647,36438.86719,0.0,0.3926276863,0.2353935391,7.559963226,2.4470644,0.2180034965,3.996537447,4.348572731,2.564234734,0.09602562338,0.9289395213,0.936262548,3.808787584,4.340656281,2.548664093,0.2186425626,0.9591836929,3.76962471,4.445622444,7.309685707,1.940139294,0.8693614006,3.573515654,4.197518826,0.708615481899999,0.7880132794,4.961835384,1.231074572,1.5,10.0,4.272399426,4.473536968,2.177220106,0.9938795567,0.2289821953,3.446921587,2.92993784,0.8380560875,0.01224085595,1.961251855,2.380567789,0.1125648394,0.07766434193,2.390431404,2.137098074,4.412208557,1.097636104,0.6431919932,0.5704500675,0.8052050471,0.6557841301,1.956757665,0.2193457633,0.9319720864,0.4721064866,1.357815027,0.1736899614,0.4264506698,0.4243410826,3.068327188,0.4686080217,0.0341181457,0.006823629141,2.208411455,0.5167726278,0.748150885099999,0.3913078308,0.01906448416,0.3028441072,0.5587040186,0.09482760727,0.5865224004
An Giang,41.442199091081,40.9331525878378,41.9512455891891,0.259703536308108,4.1973402697027,0.876089274891891,0.513141934964864,0.299952820351351,1.06160603683243,0.208001466654054,0.0558106518694594,0.521867483021621,0.537885031205405,0.740446498237837,0.719131290902702,1.25926729791891,0.303668614148648,0.341858625445945,0.965330355843243,0.549519015286486,0.722139347235135,0.829981207881081,1.00037774673783,0.448798433329729,0.324130847654054,0.567774165318918,0.264412084127027,0.180034484789189,4.79573606808108,0.754393281208108,0.11741961337,0.0944309846897297,0.0824833158016216,0.0855903603251351,0.969232249924324,0.996902179081081,1.50556426445945,0.410605101137837,0.402111951554054,0.338805173327027,1.25545703413513,0.269733334721621,0.248627511208108,0.818105702472972,1.28032169783783,0.155074333018918,0.034341606487027,0.866583895054054,2.27603168094594,0.931235089472973,0.355474175627027,0.303838797527026,3.9495413177027,1.89748565267567,0.195471881216216,0.844941683708108,0.144359850594594,0.856404196551351,0.0533058121805405,0.911968484118918,0.0279173275591891,1.0,0.431853266194594,0.154223372413513,0.120128818894594,1.620202432,0.830182233378378,0.584163623897297,0.190537679843243,6.84374976791891,1.65361528135135,0.639128444978378,0.595686082902702,0.636672569283783,0.135745747455675,0.177276973789189,2.01443757243243,0.679034407086486,0.689257634656756,1.35108737667567,0.658731916489189,1.60006200286486,1.82460947262162,0.984291440721621,0.517545028335135,33204.5426516216,0.194594597513513,0.600748258675675,0.56727685961081,7.22443210778378,2.3166237457027,0.147237763619459,3.87732877616216,4.28618602448648,2.46742067467567,0.0712595507516216,0.929685331654054,0.913399512735135,3.74017803089189,4.16052051491891,2.44038768691891,0.199871894475675,0.927564917364864,3.55716758797297,4.28282860191891,7.58860352221621,1.92189249156756,0.886157991116216,3.60526063651351,4.22058722791891,0.685247978678378,0.701142950667567,5.08635230994594,1.68315703816216,1.0,7.81081081081081,4.23491658421621,5.00678262202702,2.08498760186486,0.966015516105405,0.180465758251351,3.3148257924054,2.99424717248648,0.687977582986486,0.101871542510297,1.89856656802702,2.24701070786486,0.0597392521994594,0.12010152714486401,2.26035540837837,2.03502826443243,3.88846613889189,1.11157944381081,0.649681349062162,0.556688015494594,0.733682257089189,0.746955679843243,1.9110100334054,0.150374244602702,0.892134523086486,0.535168042024324,0.865876513313513,0.0680516547432432,0.226162228194594,0.238329293759459,2.95433010945945,0.406014843564864,0.0309826712016216,0.0147843941094594,2.12620112675675,0.449130432818918,0.760432591313513,0.422114224872973,0.0293127835259459,0.19104364997027,0.455431044135135,0.0290560500316216,0.763015337872972
Cần Thơ,43.0011864896875,41.4034481028125,44.5989248765625,0.81512982398125,4.29527874299999,0.944201737659375,0.6041324548468749,0.31500199625625,1.02190471449062,0.305708684946875,0.0994990321212499,0.467646316634375,0.473047098121874,0.79604093730625,0.627526977084375,1.16120710946875,0.328839283415624,0.4105710135625,0.989324627459375,0.5323084397125,0.891850557178124,0.8673327080625,1.16796519254687,0.597775349368749,0.366603500681249,0.467095828646875,0.331531904659374,0.29384534106875,5.01184636365625,0.82497271710625,0.153836355543749,0.1309246076125,0.1306048268125,0.124340551434374,0.98527544925,0.9975257963125,1.55747160303124,0.505542290409374,0.439306410040625,0.331401842643749,1.34744644140624,0.335562739087499,0.298470727153125,0.84794607941875,1.28195556965624,0.201640007559375,0.0438535608128125,0.820731764634375,2.202045395875,0.794030759465625,0.32559115995625,0.439416518434374,4.13073121006249,1.970254935375,0.28330747969375,0.925009984565624,0.202886744874999,0.896742222856249,0.07902360475,0.867043551040625,0.0463537096490625,0.979737177478124,0.427483179603124,0.140419125563749,0.122161808431874,1.73299324109374,0.8688373491125,0.659438602615624,0.1512597096,7.32857984325,1.89799384753125,0.742444137140624,0.723689500237499,0.731191515949999,0.216658965203124,0.205082939031249,2.12226562184375,0.772186856706249,0.740888251006249,1.45020373162499,0.708525272096875,1.791612394375,1.8581166639375,0.983279069868749,0.558858734553125,39003.7318121875,0.014106263640625,0.510014396190624,0.354740217328125,7.34086741509375,2.43858642115625,0.2217529099625,3.91897737946874,4.42951691168749,2.4565973130625,0.1277488530375,0.801169244565625,0.91544174964375,3.73228657984374,4.31745986640624,2.445683866625,0.218144147206249,0.947279084490625,3.51361759746875,4.31558918971874,7.62091006315624,1.8911190704375,0.912539631128125,3.6079373284375,4.373123854375,0.70122131704375,0.61717802379375,4.649786368,1.6377219446875,1.0,8.125,4.3306791635,4.62785543487499,2.1206253690625,0.978774528921874,0.153576659059062,3.38480813828125,2.63832565375,0.765847409165624,0.059515620619125,1.97144367175,2.4068373888125,0.149537801734375,0.0595248205909374,2.42404314853125,2.105529457125,3.98080842209375,1.18715455018749,0.703122574846875,0.653152007621875,0.794847302140624,0.68967696466875,1.96182708484374,0.226104377281249,0.905469032034375,0.496920393793749,0.831826718640625,0.0322865183696874,0.200796948285,0.265409923171874,3.29216278328125,0.471355767903125,0.0486147713387499,0.0122223387282187,2.384912326875,0.599294336484374,0.784485030921874,0.435894659725,0.0338970944274999,0.24385844545,0.507877705612499,0.0860858999749999,0.415016041168749
Cà Mau,44.3411129542857,42.6610962971428,46.0211296114285,0.857105736157142,4.62952579742857,1.147306953,0.730263429042857,0.432474442871428,1.18242190571428,0.374459488057142,0.0624474350899999,0.527517395342857,0.565054050485714,0.8080407892,0.717831151842857,1.25432142185714,0.351453619371428,0.391777366414285,0.986108286057143,0.587624043228571,0.825079943442857,0.888654674814285,1.04547566182857,0.481159951028571,0.320967810485714,0.551351926171428,0.364649176599999,0.284859580628571,5.43154062542857,0.875283105014285,0.187207417857142,0.171774661971428,0.1585125029,0.160504937171428,0.985589895914285,1.0,1.70787945785714,0.508570730671428,0.351074342199999,0.218107193699999,1.39685772157142,0.344530878328571,0.348244309428571,0.849830533757142,1.45152037514285,0.196742155714285,0.0635449444642857,0.990145998357142,2.21873750014285,0.829031016142857,0.659479064599999,0.495014220442857,4.50556039828571,2.13515390685714,0.3405518234,0.979450881514285,0.255576546657142,0.960507163028571,0.144003296557142,0.995153903942857,0.0630629600171428,0.956407615128571,0.508047244385714,0.249367967257142,0.2302205307,1.86235926871428,0.875206393857142,0.7837423342,0.105510273171428,7.58313764857142,1.943414552,0.796687688142857,0.7364135725,0.724784774428571,0.235063548614285,0.1705440453,2.16801449214285,0.803011664328571,0.760227680199999,1.46646298714285,0.690450370314285,1.95425040414285,2.00524548085714,0.994113343085714,0.586715212885714,37020.2209828571,0.0,0.556837516214285,0.506320450971428,7.406549113,2.46751209657142,0.244132880657142,3.93833722414285,4.49526670999999,2.44030880885714,0.169076847171428,0.796800485714285,0.852012072314285,3.76869331071428,4.09808370071428,2.49872810514285,0.182854626885714,0.965028830928571,3.65279367999999,4.43011093142857,7.50177362957142,1.90475525142857,0.941792104928571,3.66299189814285,4.22287184842857,0.745361268514285,0.763538360571428,3.19305920628571,1.54326387814285,1.28571428571428,8.28571428571428,4.37874146842857,4.82102251014285,2.09940573157142,1.0,0.154675565642857,3.39852503328571,2.40114862571428,0.717696743342857,0.0332723078957142,1.95434856385714,2.35247652899999,0.136467314171428,0.0897114923771428,2.41502380357142,2.08914443428571,3.83802948657142,1.170694215,0.6709314585,0.655923656057142,0.830394021114285,0.6659032958,2.049395425,0.230584689585714,0.942118908657142,0.543358581414285,0.617939702099999,0.00258494102014285,0.0515464416557142,0.230474987214285,3.44499605014285,0.525162424371428,0.0631182193771428,0.0112144640891428,2.48181762014285,0.609701829271428,0.839333593857142,0.438016129371428,0.0346028432214285,0.293825038842857,0.509260565014285,0.117164566042857,0.576554715614285
